Item Name,Size,Price (P),Image URL,Product URL,Category,Source,Scraped,Local Image
COCA COLA 2L,2l,P19.99,https://0e9888e15ff120042f30-8afe6499593a0c0cd36f211a1ceb9ca5.ssl.cf1.rackcdn.com/38906.png,https://echoppies.com/product_detail.php?pdt=coca-cola-2l&cat=m_beverages&subcat=s_cold-drinks&botcat=b_fizzy-drink,Fizzy Drinks,echoppies.com,2026-10-08T04:25:45+00:00,C:\Users\Kudzanai\Documents\2026\Eatouts\Alcohol Database\beverage_images\COCA-COLA-2L.png
SCHW 200ML LEMONADE,200ml,P9.99,https://0e9888e15ff120042f30-8afe6499593a0c0cd36f211a1ceb9ca5.ssl.cf1.rackcdn.com/38919.jpg,https://echoppies.com/product_detail.php?pdt=schw-200ml-lemonade&cat=m_beverages&subcat=s_cold-drinks&botcat=b_fizzy-drink,Fizzy Drinks,echoppies.com,2026-10-08T04:25:45+00:00,C:\Users\Kudzanai\Documents\2026\Eatouts\Alcohol Database\beverage_images\SCHW-200ML-LEMONADE.jpg
SCHW 200ML GINGER ALE,200ml,P9.99,https://0e9888e15ff120042f30-8afe6499593a0c0cd36f211a1ceb9ca5.ssl.cf1.rackcdn.com/38920.jpg,https://echoppies.com/product_detail.php?pdt=schw-200ml-ginger-ale&cat=m_beverages&subcat=s_cold-drinks&botcat=b_fizzy-drink,Fizzy Drinks,echoppies.com,2026-10-08T04:25:45+00:00,C:\Users\Kudzanai\Documents\2026\Eatouts\Alcohol Database\beverage_images\SCHW-200ML-GINGER-ALE.jpg
SCHW 200ML SODA WATER,200ml,P9.99,https://0e9888e15ff120042f30-8afe6499593a0c0cd36f211a1ceb9ca5.ssl.cf1.rackcdn.com/38927.jpg,https://echoppies.com/product_detail.php?pdt=schw-200ml-soda-water&cat=m_beverages&subcat=s_cold-drinks&botcat=b_fizzy-drink,Fizzy Drinks,echoppies.com,2026-10-08T04:25:45+00:00,C:\Users\Kudzanai\Documents\2026\Eatouts\Alcohol Database\beverage_images\SCHW-200ML-SODA-WATER.jpg
SCHW 200ML DRY LEMON,200ml,P9.99,https://0e9888e15ff120042f30-8afe6499593a0c0cd36f211a1ceb9ca5.ssl.cf1.rackcdn.com/38928.jpg,https://echoppies.com/product_detail.php?pdt=schw-200ml-dry-lemon&cat=m_beverages&subcat=s_cold-drinks&botcat=b_fizzy-drink,Fizzy Drinks,echoppies.com,2026-10-08T04:25:45+00:00,C:\Users\Kudzanai\Documents\2026\Eatouts\Alcohol Database\beverage_images\SCHW-200ML-DRY-LEMON.jpg
SCHW 200ML TONIC WATER,200ml,P9.99,https://0e9888e15ff120042f30-8afe6499593a0c0cd36f211a1ceb9ca5.ssl.cf1.rackcdn.com/38929.jpg,https://echoppies.com/product_detail.php?pdt=schw-200ml-tonic-water&cat=m_beverages&subcat=s_cold-drinks&botcat=b_fizzy-drink,Fizzy Drinks,echoppies.com,2026-10-08T04:25:45+00:00,C:\Users\Kudzanai\Documents\2026\Eatouts\Alcohol Database\beverage_images\SCHW-200ML-TONIC-WATER.jpg
COCA COLA 2L ZERO,2l,P19.99,https://0e9888e15ff120042f30-8afe6499593a0c0cd36f211a1ceb9ca5.ssl.cf1.rackcdn.com/38938.jpg,https://echoppies.com/product_detail.php?pdt=coca-cola-2l-zero&cat=m_beverages&subcat=s_cold-drinks&botcat=b_fizzy-drink,Fizzy Drinks,echoppies.com,2026-10-08T04:25:45+00:00,C:\Users\Kudzanai\Documents\2026\Eatouts\Alcohol Database\beverage_images\COCA-COLA-2L-ZERO.jpg
CHOPPIES CHILL APPLE 2L,2l,P13.99,https://0e9888e15ff120042f30-8afe6499593a0c0cd36f211a1ceb9ca5.ssl.cf1.rackcdn.com/45076.png,https://echoppies.com/product_detail.php?pdt=choppies-chill-apple-2l&cat=m_beverages&subcat=s_cold-drinks&botcat=b_fizzy-drink,Fizzy Drinks,echoppies.com,2026-10-08T04:25:45+00:00,C:\Users\Kudzanai\Documents\2026\Eatouts\Alcohol Database\beverage_images\CHOPPIES-CHILL-APPLE-2L.png
CHOPPIES CHILL COLA 2L,2l,P13.99,https://0e9888e15ff120042f30-8afe6499593a0c0cd36f211a1ceb9ca5.ssl.cf1.rackcdn.com/45389.png,https://echoppies.com/product_detail.php?pdt=choppies-chill-cola-2l&cat=m_beverages&subcat=s_cold-drinks&botcat=b_fizzy-drink,Fizzy Drinks,echoppies.com,2026-10-08T04:25:45+00:00,C:\Users\Kudzanai\Documents\2026\Eatouts\Alcohol Database\beverage_images\CHOPPIES-CHILL-COLA-2L.png
CHOPPIES CHILL IRON BREW 2L,2l,P13.99,https://0e9888e15ff120042f30-8afe6499593a0c0cd36f211a1ceb9ca5.ssl.cf1.rackcdn.com/45391.png,https://echoppies.com/product_detail.php?pdt=choppies-chill-iron-brew-2l&cat=m_beverages&subcat=s_cold-drinks&botcat=b_fizzy-drink,Fizzy Drinks,echoppies.com,2026-10-08T04:25:45+00:00,C:\Users\Kudzanai\Documents\2026\Eatouts\Alcohol Database\beverage_images\CHOPPIES-CHILL-IRON-BREW-2L.png
CHOPPIES CHILL ORANGE 2L,2l,P13.99,https://0e9888e15ff120042f30-8afe6499593a0c0cd36f211a1ceb9ca5.ssl.cf1.rackcdn.com/45393.png,https://echoppies.com/product_detail.php?pdt=choppies-chill-orange-2l&cat=m_beverages&subcat=s_cold-drinks&botcat=b_fizzy-drink,Fizzy Drinks,echoppies.com,2026-10-08T04:25:45+00:00,C:\Users\Kudzanai\Documents\2026\Eatouts\Alcohol Database\beverage_images\CHOPPIES-CHILL-ORANGE-2L.png
CHOPPIES CHILL GINGER 2L,2l,P13.99,https://0e9888e15ff120042f30-8afe6499593a0c0cd36f211a1ceb9ca5.ssl.cf1.rackcdn.com/45395.png,https://echoppies.com/product_detail.php?pdt=choppies-chill-ginger-2l&cat=m_beverages&subcat=s_cold-drinks&botcat=b_fizzy-drink,Fizzy Drinks,echoppies.com,2026-10-08T04:25:45+00:00,C:\Users\Kudzanai\Documents\2026\Eatouts\Alcohol Database\beverage_images\CHOPPIES-CHILL-GINGER-2L.png
FANTA 330ML PINEAPPLE,330ml,P8.99,https://0e9888e15ff120042f30-8afe6499593a0c0cd36f211a1ceb9ca5.ssl.cf1.rackcdn.com/38903.jpg,https://echoppies.com/product_detail.php?pdt=fanta-330ml-pineapple&cat=m_beverages&subcat=s_cold-drinks&botcat=b_fizzy-drink,Fizzy Drinks,echoppies.com,2026-10-08T04:25:45+00:00,C:\Users\Kudzanai\Documents\2026\Eatouts\Alcohol Database\beverage_images\FANTA-330ML-PINEAPPLE.jpg
FANTA 2L PINEAPPLE,2l,P19.99,https://0e9888e15ff120042f30-8afe6499593a0c0cd36f211a1ceb9ca5.ssl.cf1.rackcdn.com/38904.jpg,https://echoppies.com/product_detail.php?pdt=fanta-2l-pineapple&cat=m_beverages&subcat=s_cold-drinks&botcat=b_fizzy-drink,Fizzy Drinks,echoppies.com,2026-10-08T04:25:45+00:00,C:\Users\Kudzanai\Documents\2026\Eatouts\Alcohol Database\beverage_images\FANTA-2L-PINEAPPLE.jpg
FANTA ORANGE 2LT,2l,P19.99,https://0e9888e15ff120042f30-8afe6499593a0c0cd36f211a1ceb9ca5.ssl.cf1.rackcdn.com/38907.png,https://echoppies.com/product_detail.php?pdt=fanta-orange-2lt&cat=m_beverages&subcat=s_cold-drinks&botcat=b_fizzy-drink,Fizzy Drinks,echoppies.com,2026-10-08T04:25:45+00:00,C:\Users\Kudzanai\Documents\2026\Eatouts\Alcohol Database\beverage_images\FANTA-ORANGE-2LT.png
FANTA 2L GRAPE,2l,P19.99,https://0e9888e15ff120042f30-8afe6499593a0c0cd36f211a1ceb9ca5.ssl.cf1.rackcdn.com/38908.jpg,https://echoppies.com/product_detail.php?pdt=fanta-2l-grape&cat=m_beverages&subcat=s_cold-drinks&botcat=b_fizzy-drink,Fizzy Drinks,echoppies.com,2026-10-08T04:25:46+00:00,C:\Users\Kudzanai\Documents\2026\Eatouts\Alcohol Database\beverage_images\FANTA-2L-GRAPE.jpg
FANTA ORANGE 300ML,300ml,P9.99,https://0e9888e15ff120042f30-8afe6499593a0c0cd36f211a1ceb9ca5.ssl.cf1.rackcdn.com/47936.jpg,https://echoppies.com/product_detail.php?pdt=fanta-orange-300ml&cat=m_beverages&subcat=s_cold-drinks&botcat=b_fizzy-drink,Fizzy Drinks,echoppies.com,2026-10-08T04:25:46+00:00,C:\Users\Kudzanai\Documents\2026\Eatouts\Alcohol Database\beverage_images\FANTA-ORANGE-300ML.jpg
FANTA ORANGE 300ML PACK*6,300ml,P45.95,https://0e9888e15ff120042f30-8afe6499593a0c0cd36f211a1ceb9ca5.ssl.cf1.rackcdn.com/47994.jpg,https://echoppies.com/product_detail.php?pdt=fanta-orange-300ml-pack*6,Fizzy Drinks,echoppies.com,2026-10-08T04:25:46+00:00,C:\Users\Kudzanai\Documents\2026\Eatouts\Alcohol Database\beverage_images\FANTA-ORANGE-300ML-PACK6.jpg
SPARLETTA IRON BREW 330ML,330ml,P8.99,https://0e9888e15ff120042f30-8afe6499593a0c0cd36f211a1ceb9ca5.ssl.cf1.rackcdn.com/38930.png,https://echoppies.com/product_detail.php?pdt=sparletta-iron-brew-330ml,Fizzy Drinks,echoppies.com,2026-10-08T04:25:46+00:00,C:\Users\Kudzanai\Documents\2026\Eatouts\Alcohol Database\beverage_images\SPARLETTA-IRON-BREW-330ML.png
SPARLETTA 2L PINE NUT,2l,P15.99,https://0e9888e15ff120042f30-8afe6499593a0c0cd36f211a1ceb9ca5.ssl.cf1.rackcdn.com/38934.jpg,https://echoppies.com/product_detail.php?pdt=sparletta-2l-pine-nut,Fizzy Drinks,echoppies.com,2026-10-08T04:25:46+00:00,C:\Users\Kudzanai\Documents\2026\Eatouts\Alcohol Database\beverage_images\SPARLETTA-2L-PINE-NUT.jpg
SPARLETTA IRON BREW 2L,2l,P15.99,https://0e9888e15ff120042f30-8afe6499593a0c0cd36f211a1ceb9ca5.ssl.cf1.rackcdn.com/38936.png,https://echoppies.com/product_detail.php?pdt=sparletta-iron-brew-2l,Fizzy Drinks,echoppies.com,2026-10-08T04:25:46+00:00,C:\Users\Kudzanai\Documents\2026\Eatouts\Alcohol Database\beverage_images\SPARLETTA-IRON-BREW-2L.png
SPARLETTA STONEY GINGER 2L,2l,P21.99,https://0e9888e15ff120042f30-8afe6499593a0c0cd36f211a1ceb9ca5.ssl.cf1.rackcdn.com/40679.png,https://echoppies.com/product_detail.php?pdt=sparletta-stoney-ginger-2l,Fizzy Drinks,echoppies.com,2026-10-08T04:25:46+00:00,C:\Users\Kudzanai\Documents\2026\Eatouts\Alcohol Database\beverage_images\SPARLETTA-STONEY-GINGER-2L.png
SPRITE 2LT,2l,P19.99,https://0e9888e15ff120042f30-8afe6499593a0c0cd36f211a1ceb9ca5.ssl.cf1.rackcdn.com/38909.png,https://echoppies.com/product_detail.php?pdt=sprite-2lt,Fizzy Drinks,echoppies.com,2026-10-08T04:25:46+00:00,C:\Users\Kudzanai\Documents\2026\Eatouts\Alcohol Database\beverage_images\SPRITE-2LT.png
SPRITE 1.5L LESS SUGAR PET,1.5l,P14.99,https://0e9888e15ff120042f30-8afe6499593a0c0cd36f211a1ceb9ca5.ssl.cf1.rackcdn.com/48256.jpg,https://echoppies.com/product_detail.php?pdt=sprite-1.5l-less-sugar-pet,Fizzy Drinks,echoppies.com,2026-10-08T04:25:46+00:00,C:\Users\Kudzanai\Documents\2026\Eatouts\Alcohol Database\beverage_images\SPRITE-1.5L-LESS-SUGAR-PET.jpg
STONEY GINGER BEER 330ML,330ml,P8.99,https://0e9888e15ff120042f30-8afe6499593a0c0cd36f211a1ceb9ca5.ssl.cf1.rackcdn.com/38932.png,https://echoppies.com/product_detail.php?pdt=stoney-ginger-beer-330ml,Fizzy Drinks,echoppies.com,2026-10-08T04:25:46+00:00,C:\Users\Kudzanai\Documents\2026\Eatouts\Alcohol Database\beverage_images\STONEY-GINGER-BEER-330ML.png
STONEY 300ML DRINK,300ml,P9.99,https://0e9888e15ff120042f30-8afe6499593a0c0cd36f211a1ceb9ca5.ssl.cf1.rackcdn.com/48074.jpg,https://echoppies.com/product_detail.php?pdt=stoney-300ml-drink,Fizzy Drinks,echoppies.com,2026-10-08T04:25:46+00:00,C:\Users\Kudzanai\Documents\2026\Eatouts\Alcohol Database\beverage_images\STONEY-300ML-DRINK.jpg
SCHWEPPES 200ML PINC TONIC,200ml,P8.99,https://0e9888e15ff120042f30-8afe6499593a0c0cd36f211a1ceb9ca5.ssl.cf1.rackcdn.com/38946.jpg,https://echoppies.com/product_detail.php?pdt=schweppes-200ml-pinc-tonic,Fizzy Drinks,echoppies.com,2026-10-08T04:25:46+00:00,C:\Users\Kudzanai\Documents\2026\Eatouts\Alcohol Database\beverage_images\SCHWEPPES-200ML-PINC-TONIC.jpg
SCHWEPPES 200ML PINC TONIC PACK*6,200ml,P44.99,https://0e9888e15ff120042f30-8afe6499593a0c0cd36f211a1ceb9ca5.ssl.cf1.rackcdn.com/47937.jpg,https://echoppies.com/product_detail.php?pdt=schweppes-200ml-pinc-tonic-pack*6,Fizzy Drinks,echoppies.com,2026-10-08T04:25:46+00:00,C:\Users\Kudzanai\Documents\2026\Eatouts\Alcohol Database\beverage_images\SCHWEPPES-200ML-PINC-TONIC-PACK6.jpg
SCHW 200ML TONIC WATER PACK*6,200ml,P44.99,https://0e9888e15ff120042f30-8afe6499593a0c0cd36f211a1ceb9ca5.ssl.cf1.rackcdn.com/47938.jpg,https://echoppies.com/product_detail.php?pdt=schw-200ml-tonic-water-pack*6,Fizzy Drinks,echoppies.com,2026-10-08T04:25:46+00:00,C:\Users\Kudzanai\Documents\2026\Eatouts\Alcohol Database\beverage_images\SCHW-200ML-TONIC-WATER-PACK6.jpg
SCHW 200ML SODA WATER PACK*6,200ml,P44.99,https://0e9888e15ff120042f30-8afe6499593a0c0cd36f211a1ceb9ca5.ssl.cf1.rackcdn.com/47939.jpg,https://echoppies.com/product_detail.php?pdt=schw-200ml-soda-water-pack*6,Fizzy Drinks,echoppies.com,2026-10-08T04:25:46+00:00,C:\Users\Kudzanai\Documents\2026\Eatouts\Alcohol Database\beverage_images\SCHW-200ML-SODA-WATER-PACK6.jpg
PEPSI 2L REGULAR,2l,P18.99,https://0e9888e15ff120042f30-8afe6499593a0c0cd36f211a1ceb9ca5.ssl.cf1.rackcdn.com/40862.jpg,https://echoppies.com/product_detail.php?pdt=pepsi-2l-regular,Fizzy Drinks,echoppies.com,2026-10-08T04:25:46+00:00,C:\Users\Kudzanai\Documents\2026\Eatouts\Alcohol Database\beverage_images\PEPSI-2L-REGULAR.jpg
COCA COLA 1.5L P/BOTTLE,1.5l,P14.99,https://0e9888e15ff120042f30-8afe6499593a0c0cd36f211a1ceb9ca5.ssl.cf1.rackcdn.com/48328.jpg,https://echoppies.com/product_detail.php?pdt=coca-cola-1.5l-p/bottle,Fizzy Drinks,echoppies.com,2026-10-08T04:25:46+00:00,C:\Users\Kudzanai\Documents\2026\Eatouts\Alcohol Database\beverage_images\COCA-COLA-1.5L-PBOTTLE.jpg
MONSTER 500ML KHAOS,500ml,P15.99,https://0e9888e15ff120042f30-8afe6499593a0c0cd36f211a1ceb9ca5.ssl.cf1.rackcdn.com/38867.jpg,https://echoppies.com/product_detail.php?pdt=monster-500ml-khaos&cat=m_beverages&subcat=s_cold-drinks,Cold Drinks - All,echoppies.com,2026-10-08T04:26:11+00:00,C:\Users\Kudzanai\Documents\2026\Eatouts\Alcohol Database\beverage_images\MONSTER-500ML-KHAOS.jpg
CHOPPIES CHILL 500ML ENERGY DRINK,500ml,P7.99,https://0e9888e15ff120042f30-8afe6499593a0c0cd36f211a1ceb9ca5.ssl.cf1.rackcdn.com/43987.jpg,https://echoppies.com/product_detail.php?pdt=choppies-chill-500ml-energy-drink&cat=m_beverages&subcat=s_cold-drinks,Cold Drinks - All,echoppies.com,2026-10-08T04:26:11+00:00,C:\Users\Kudzanai\Documents\2026\Eatouts\Alcohol Database\beverage_images\CHOPPIES-CHILL-500ML-ENERGY-DRINK.jpg
RED BULL 250ML ENERGY DRINK,250ml,P14.99,https://0e9888e15ff120042f30-8afe6499593a0c0cd36f211a1ceb9ca5.ssl.cf1.rackcdn.com/47619.png,https://echoppies.com/product_detail.php?pdt=red-bull-250ml-energy-drink&cat=m_beverages&subcat=s_cold-drinks,Cold Drinks - All,echoppies.com,2026-10-08T04:26:11+00:00,C:\Users\Kudzanai\Documents\2026\Eatouts\Alcohol Database\beverage_images\RED-BULL-250ML-ENERGY-DRINK.png
RED BULL 355ML ENERGY DRINK,355ml,P21.99,https://0e9888e15ff120042f30-8afe6499593a0c0cd36f211a1ceb9ca5.ssl.cf1.rackcdn.com/47621.jpg,https://echoppies.com/product_detail.php?pdt=red-bull-355ml-energy-drink&cat=m_beverages&subcat=s_cold-drinks,Cold Drinks - All,echoppies.com,2026-10-08T04:26:11+00:00,C:\Users\Kudzanai\Documents\2026\Eatouts\Alcohol Database\beverage_images\RED-BULL-355ML-ENERGY-DRINK.jpg
PREDATOR 500ML ENERGY,500ml,P8.99,https://0e9888e15ff120042f30-8afe6499593a0c0cd36f211a1ceb9ca5.ssl.cf1.rackcdn.com/48393.jpg,https://echoppies.com/product_detail.php?pdt=predator-500ml-energy&cat=m_beverages&subcat=s_cold-drinks,Cold Drinks - All,echoppies.com,2026-10-08T04:26:11+00:00,C:\Users\Kudzanai\Documents\2026\Eatouts\Alcohol Database\beverage_images\PREDATOR-500ML-ENERGY.jpg
POWERADE 500ML NAARTJE,500ml,P11.99,https://0e9888e15ff120042f30-8afe6499593a0c0cd36f211a1ceb9ca5.ssl.cf1.rackcdn.com/47647.jpg,https://echoppies.com/product_detail.php?pdt=powerade-500ml-naartje&cat=m_beverages&subcat=s_cold-drinks,Cold Drinks - All,echoppies.com,2026-10-08T04:26:11+00:00,C:\Users\Kudzanai\Documents\2026\Eatouts\Alcohol Database\beverage_images\POWERADE-500ML-NAARTJE.jpg
ENERGADE 500ML ORANGE,500ml,P10.99,https://0e9888e15ff120042f30-8afe6499593a0c0cd36f211a1ceb9ca5.ssl.cf1.rackcdn.com/41250.jpg,https://echoppies.com/product_detail.php?pdt=energade-500ml-orange&cat=m_beverages&subcat=s_cold-drinks,Cold Drinks - All,echoppies.com,2026-10-08T04:26:11+00:00,C:\Users\Kudzanai\Documents\2026\Eatouts\Alcohol Database\beverage_images\ENERGADE-500ML-ORANGE.jpg
ENERGADE 500ML NAARTJIE,500ml,P11.99,https://0e9888e15ff120042f30-8afe6499593a0c0cd36f211a1ceb9ca5.ssl.cf1.rackcdn.com/41251.jpg,https://echoppies.com/product_detail.php?pdt=energade-500ml-naartjie&cat=m_beverages&subcat=s_cold-drinks,Cold Drinks - All,echoppies.com,2026-10-08T04:26:11+00:00,C:\Users\Kudzanai\Documents\2026\Eatouts\Alcohol Database\beverage_images\ENERGADE-500ML-NAARTJIE.jpg
ENERGADE 500ML GRAPE,500ml,P11.99,https://0e9888e15ff120042f30-8afe6499593a0c0cd36f211a1ceb9ca5.ssl.cf1.rackcdn.com/41252.jpg,https://echoppies.com/product_detail.php?pdt=energade-500ml-grape&cat=m_beverages&subcat=s_cold-drinks,Cold Drinks - All,echoppies.com,2026-10-08T04:26:11+00:00,C:\Users\Kudzanai\Documents\2026\Eatouts\Alcohol Database\beverage_images\ENERGADE-500ML-GRAPE.jpg
ENERGADE 500ML TROPICAL,500ml,P11.99,https://0e9888e15ff120042f30-8afe6499593a0c0cd36f211a1ceb9ca5.ssl.cf1.rackcdn.com/41253.jpg,https://echoppies.com/product_detail.php?pdt=energade-500ml-tropical&cat=m_beverages&subcat=s_cold-drinks,Cold Drinks - All,echoppies.com,2026-10-08T04:26:11+00:00,C:\Users\Kudzanai\Documents\2026\Eatouts\Alcohol Database\beverage_images\ENERGADE-500ML-TROPICAL.jpg
ENERGADE 500ML MIXED BERRY,500ml,P11.99,https://0e9888e15ff120042f30-8afe6499593a0c0cd36f211a1ceb9ca5.ssl.cf1.rackcdn.com/41257.jpg,https://echoppies.com/product_detail.php?pdt=energade-500ml-mixed-berry&cat=m_beverages&subcat=s_cold-drinks,Cold Drinks - All,echoppies.com,2026-10-08T04:26:12+00:00,C:\Users\Kudzanai\Documents\2026\Eatouts\Alcohol Database\beverage_images\ENERGADE-500ML-MIXED-BERRY.jpg
ENERGADE 500ML LITE RTD NAARTJIE,500ml,P11.99,https://0e9888e15ff120042f30-8afe6499593a0c0cd36f211a1ceb9ca5.ssl.cf1.rackcdn.com/44865.jpg,https://echoppies.com/product_detail.php?pdt=energade-500ml-lite-rtd-naartjie&cat=m_beverages&subcat=s_cold-drinks,Cold Drinks - All,echoppies.com,2026-10-08T04:26:12+00:00,C:\Users\Kudzanai\Documents\2026\Eatouts\Alcohol Database\beverage_images\ENERGADE-500ML-LITE-RTD-NAARTJIE.jpg
SPRINTERADE 500ML ORNG/SPORTS DRINK,500ml,P8.99,https://0e9888e15ff120042f30-8afe6499593a0c0cd36f211a1ceb9ca5.ssl.cf1.rackcdn.com/48549.jpg,https://echoppies.com/product_detail.php?pdt=sprinterade-500ml-orng/sports-drink&cat=m_beverages&subcat=s_cold-drinks,Cold Drinks - All,echoppies.com,2026-10-08T04:26:12+00:00,C:\Users\Kudzanai\Documents\2026\Eatouts\Alcohol Database\beverage_images\SPRINTERADE-500ML-ORNGSPORTS-DRINK.jpg
BULLET 500ML E/DRINK,500ml,P14.49,https://0e9888e15ff120042f30-8afe6499593a0c0cd36f211a1ceb9ca5.ssl.cf1.rackcdn.com/38854.jpg,https://echoppies.com/product_detail.php?pdt=bullet-500ml-e-drink&cat=m_beverages&subcat=s_cold-drinks,Cold Drinks - All,echoppies.com,2026-10-08T04:26:12+00:00,C:\Users\Kudzanai\Documents\2026\Eatouts\Alcohol Database\beverage_images\BULLET-500ML-EDRINK.jpg
REBOOST 500ML ORIGINAL,500ml,P9.99,https://0e9888e15ff120042f30-8afe6499593a0c0cd36f211a1ceb9ca5.ssl.cf1.rackcdn.com/44831.jpg,https://echoppies.com/product_detail.php?pdt=reboost-500ml-original&cat=m_beverages&subcat=s_cold-drinks,Cold Drinks - All,echoppies.com,2026-10-08T04:26:12+00:00,C:\Users\Kudzanai\Documents\2026\Eatouts\Alcohol Database\beverage_images\REBOOST-500ML-ORIGINAL.jpg
CHOPPIES 100% JUICE RED GRAPE 200ML,200ml,P7.99,https://0e9888e15ff120042f30-8afe6499593a0c0cd36f211a1ceb9ca5.ssl.cf1.rackcdn.com/43905.png,https://echoppies.com/product_detail.php?pdt=choppies-100pcnt-juice-red-grape-200ml,Cold Drinks - All,echoppies.com,2026-10-08T04:26:13+00:00,C:\Users\Kudzanai\Documents\2026\Eatouts\Alcohol Database\beverage_images\CHOPPIES-100-JUICE-RED-GRAPE-200ML.png
CHOPPIES NECTAR JUICE MANGO 1L,1l,P18.99,https://0e9888e15ff120042f30-8afe6499593a0c0cd36f211a1ceb9ca5.ssl.cf1.rackcdn.com/44486.png,https://echoppies.com/product_detail.php?pdt=choppies-nectar-juice-mango-1l,Cold Drinks - All,echoppies.com,2026-10-08T04:26:13+00:00,C:\Users\Kudzanai\Documents\2026\Eatouts\Alcohol Database\beverage_images\CHOPPIES-NECTAR-JUICE-MANGO-1L.png
CHOPPIES NECTAR JUICE APPLE 1L,1l,P18.99,https://0e9888e15ff120042f30-8afe6499593a0c0cd36f211a1ceb9ca5.ssl.cf1.rackcdn.com/44488.png,https://echoppies.com/product_detail.php?pdt=choppies-nectar-juice-apple-1l,Cold Drinks - All,echoppies.com,2026-10-08T04:26:13+00:00,C:\Users\Kudzanai\Documents\2026\Eatouts\Alcohol Database\beverage_images\CHOPPIES-NECTAR-JUICE-APPLE-1L.png
CHOPPIES NECTAR JUICE GUAVA 1L,1l,P18.99,https://0e9888e15ff120042f30-8afe6499593a0c0cd36f211a1ceb9ca5.ssl.cf1.rackcdn.com/44489.png,https://echoppies.com/product_detail.php?pdt=choppies-nectar-juice-guava-1l,Cold Drinks - All,echoppies.com,2026-10-08T04:26:13+00:00,C:\Users\Kudzanai\Documents\2026\Eatouts\Alcohol Database\beverage_images\CHOPPIES-NECTAR-JUICE-GUAVA-1L.png
CHOPPIES 100% JUICE MANGO 200ML,200ml,P7.99,https://0e9888e15ff120042f30-8afe6499593a0c0cd36f211a1ceb9ca5.ssl.cf1.rackcdn.com/44495.png,https://echoppies.com/product_detail.php?pdt=choppies-100pcnt-juice-mango-200ml,Cold Drinks - All,echoppies.com,2026-10-08T04:26:13+00:00,C:\Users\Kudzanai\Documents\2026\Eatouts\Alcohol Database\beverage_images\CHOPPIES-100-JUICE-MANGO-200ML.png
CHOPPIES 100% JUICE MANGO & ORANGE 200ML,200ml,P7.99,https://0e9888e15ff120042f30-8afe6499593a0c0cd36f211a1ceb9ca5.ssl.cf1.rackcdn.com/44499.png,https://echoppies.com/product_detail.php?pdt=choppies-100pcnt-juice-mango--orange-200ml,Cold Drinks - All,echoppies.com,2026-10-08T04:26:13+00:00,C:\Users\Kudzanai\Documents\2026\Eatouts\Alcohol Database\beverage_images\CHOPPIES-100-JUICE-MANGO-ORANGE-200ML.png
CHOPPIES 100% JUICE MANGO 1L,1l,P24.99,https://0e9888e15ff120042f30-8afe6499593a0c0cd36f211a1ceb9ca5.ssl.cf1.rackcdn.com/44501.png,https://echoppies.com/product_detail.php?pdt=choppies-100pcnt-juice-mango-1l,Cold Drinks - All,echoppies.com,2026-10-08T04:26:13+00:00,C:\Users\Kudzanai\Documents\2026\Eatouts\Alcohol Database\beverage_images\CHOPPIES-100-JUICE-MANGO-1L.png
CHOPPIES 100% JUICE RED GRAPE 1L,1l,P24.99,https://0e9888e15ff120042f30-8afe6499593a0c0cd36f211a1ceb9ca5.ssl.cf1.rackcdn.com/44502.png,https://echoppies.com/product_detail.php?pdt=choppies-100pcnt-juice-red-grape-1l,Cold Drinks - All,echoppies.com,2026-10-08T04:26:13+00:00,C:\Users\Kudzanai\Documents\2026\Eatouts\Alcohol Database\beverage_images\CHOPPIES-100-JUICE-RED-GRAPE-1L.png
CHOPPIES 100% JUICE MANGO & ORANGO 1L,1l,P24.99,https://0e9888e15ff120042f30-8afe6499593a0c0cd36f211a1ceb9ca5.ssl.cf1.rackcdn.com/44505.png,https://echoppies.com/product_detail.php?pdt=choppies-100pcnt-juice-mango--orango-1l,Cold Drinks - All,echoppies.com,2026-10-08T04:26:13+00:00,C:\Users\Kudzanai\Documents\2026\Eatouts\Alcohol Database\beverage_images\CHOPPIES-100-JUICE-MANGO-ORANGO-1L.png
CHOPPIES 100% JUICE RED APPLE 1L,1l,P24.99,https://0e9888e15ff120042f30-8afe6499593a0c0cd36f211a1ceb9ca5.ssl.cf1.rackcdn.com/44506.png,https://echoppies.com/product_detail.php?pdt=choppies-100pcnt-juice-red-apple-1l,Cold Drinks - All,echoppies.com,2026-10-08T04:26:13+00:00,C:\Users\Kudzanai\Documents\2026\Eatouts\Alcohol Database\beverage_images\CHOPPIES-100-JUICE-RED-APPLE-1L.png
CHOPPIES 100% JUICE PEACH 1L,1l,P24.99,https://0e9888e15ff120042f30-8afe6499593a0c0cd36f211a1ceb9ca5.ssl.cf1.rackcdn.com/44507.png,https://echoppies.com/product_detail.php?pdt=choppies-100pcnt-juice-peach-1l,Cold Drinks - All,echoppies.com,2026-10-08T04:26:13+00:00,C:\Users\Kudzanai\Documents\2026\Eatouts\Alcohol Database\beverage_images\CHOPPIES-100-JUICE-PEACH-1L.png
CHOPPIES NECTAR JUICE RED GRAPE 1L,1l,P18.99,https://0e9888e15ff120042f30-8afe6499593a0c0cd36f211a1ceb9ca5.ssl.cf1.rackcdn.com/44508.png,https://echoppies.com/product_detail.php?pdt=choppies-nectar-juice-red-grape-1l,Cold Drinks - All,echoppies.com,2026-10-08T04:26:13+00:00,C:\Users\Kudzanai\Documents\2026\Eatouts\Alcohol Database\beverage_images\CHOPPIES-NECTAR-JUICE-RED-GRAPE-1L.png
CHOPPIES NECTAR JUICE MEDITERRANEAN 1L,1l,P18.99,https://0e9888e15ff120042f30-8afe6499593a0c0cd36f211a1ceb9ca5.ssl.cf1.rackcdn.com/44509.png,https://echoppies.com/product_detail.php?pdt=choppies-nectar-juice-mediterranean-1l,Cold Drinks - All,echoppies.com,2026-10-08T04:26:13+00:00,C:\Users\Kudzanai\Documents\2026\Eatouts\Alcohol Database\beverage_images\CHOPPIES-NECTAR-JUICE-MEDITERRANEAN-1L.png
RHODES 2L 100% CRANBERRY,2l,P45.99,https://0e9888e15ff120042f30-8afe6499593a0c0cd36f211a1ceb9ca5.ssl.cf1.rackcdn.com/42723.png,https://echoppies.com/product_detail.php?pdt=rhodes-2l-100pcnt-cranberry,Cold Drinks - All,echoppies.com,2026-10-08T04:26:13+00:00,C:\Users\Kudzanai\Documents\2026\Eatouts\Alcohol Database\beverage_images\RHODES-2L-100-CRANBERRY.png
RHODES 2L APPLE/CRANBERRY,2l,P49.99,https://0e9888e15ff120042f30-8afe6499593a0c0cd36f211a1ceb9ca5.ssl.cf1.rackcdn.com/42778.png,https://echoppies.com/product_detail.php?pdt=rhodes-2l-apple-cranberry,Cold Drinks - All,echoppies.com,2026-10-08T04:26:13+00:00,C:\Users\Kudzanai\Documents\2026\Eatouts\Alcohol Database\beverage_images\RHODES-2L-APPLECRANBERRY.png
RHODES 2L 100% ORANGE,2l,P49.99,https://0e9888e15ff120042f30-8afe6499593a0c0cd36f211a1ceb9ca5.ssl.cf1.rackcdn.com/44180.png,https://echoppies.com/product_detail.php?pdt=rhodes-2l-100pcnt-orange,Cold Drinks - All,echoppies.com,2026-10-08T04:26:14+00:00,C:\Users\Kudzanai\Documents\2026\Eatouts\Alcohol Database\beverage_images\RHODES-2L-100-ORANGE.png
RHODES 2L 100% MANGO/ORANGE,2l,P49.99,https://0e9888e15ff120042f30-8afe6499593a0c0cd36f211a1ceb9ca5.ssl.cf1.rackcdn.com/44183.png,https://echoppies.com/product_detail.php?pdt=rhodes-2l-100pcnt-mango-orange,Cold Drinks - All,echoppies.com,2026-10-08T04:26:14+00:00,C:\Users\Kudzanai\Documents\2026\Eatouts\Alcohol Database\beverage_images\RHODES-2L-100-MANGOORANGE.png
RHODES 2L 100% TROPICAL,2l,P49.99,https://0e9888e15ff120042f30-8afe6499593a0c0cd36f211a1ceb9ca5.ssl.cf1.rackcdn.com/44185.png,https://echoppies.com/product_detail.php?pdt=rhodes-2l-100pcnt-tropical,Cold Drinks - All,echoppies.com,2026-10-08T04:26:14+00:00,C:\Users\Kudzanai\Documents\2026\Eatouts\Alcohol Database\beverage_images\RHODES-2L-100-TROPICAL.png
RHODES 2L 100% APPLE,2l,P49.99,https://0e9888e15ff120042f30-8afe6499593a0c0cd36f211a1ceb9ca5.ssl.cf1.rackcdn.com/44191.png,https://echoppies.com/product_detail.php?pdt=rhodes-2l-100pcnt--apple,Cold Drinks - All,echoppies.com,2026-10-08T04:26:14+00:00,C:\Users\Kudzanai\Documents\2026\Eatouts\Alcohol Database\beverage_images\RHODES-2L-100-APPLE.png
RHODES 2L 100% RED GRAPE,2l,P49.99,https://0e9888e15ff120042f30-8afe6499593a0c0cd36f211a1ceb9ca5.ssl.cf1.rackcdn.com/44194.png,https://echoppies.com/product_detail.php?pdt=rhodes-2l-100pcnt--red-grape,Cold Drinks - All,echoppies.com,2026-10-08T04:26:14+00:00,C:\Users\Kudzanai\Documents\2026\Eatouts\Alcohol Database\beverage_images\RHODES-2L-100-RED-GRAPE.png
TROPIKA EAZY 200ML ORANGE PACK*6,200ml,P36.99,https://0e9888e15ff120042f30-8afe6499593a0c0cd36f211a1ceb9ca5.ssl.cf1.rackcdn.com/47982.png,https://echoppies.com/product_detail.php?pdt=tropika-eazy-200ml-orange-pack*6,Cold Drinks - All,echoppies.com,2026-10-08T04:26:14+00:00,C:\Users\Kudzanai\Documents\2026\Eatouts\Alcohol Database\beverage_images\TROPIKA-EAZY-200ML-ORANGE-PACK6.png
LIQUIFRUIT JUICE ORANGE 1L,1l,P31.99,https://0e9888e15ff120042f30-8afe6499593a0c0cd36f211a1ceb9ca5.ssl.cf1.rackcdn.com/39318.png,https://echoppies.com/product_detail.php?pdt=liquifruit-juice-orange-1l,Cold Drinks - All,echoppies.com,2026-10-08T04:26:14+00:00,C:\Users\Kudzanai\Documents\2026\Eatouts\Alcohol Database\beverage_images\LIQUIFRUIT-JUICE-ORANGE-1L.png
LIQUIFRUIT JUICE CLEAR APPLE 2L,2l,P54.99,https://0e9888e15ff120042f30-8afe6499593a0c0cd36f211a1ceb9ca5.ssl.cf1.rackcdn.com/40867.png,https://echoppies.com/product_detail.php?pdt=liquifruit-juice-clear-apple-2l,Cold Drinks - All,echoppies.com,2026-10-08T04:26:14+00:00,C:\Users\Kudzanai\Documents\2026\Eatouts\Alcohol Database\beverage_images\LIQUIFRUIT-JUICE-CLEAR-APPLE-2L.png
LIQUIFRUIT 2L JUICE MANGO/ ORANGE,2l,P54.99,https://0e9888e15ff120042f30-8afe6499593a0c0cd36f211a1ceb9ca5.ssl.cf1.rackcdn.com/40869.jpg,https://echoppies.com/product_detail.php?pdt=liquifruit-2l-juice-mango/-orange,Cold Drinks - All,echoppies.com,2026-10-08T04:26:14+00:00,C:\Users\Kudzanai\Documents\2026\Eatouts\Alcohol Database\beverage_images\LIQUIFRUIT-2L-JUICE-MANGO-ORANGE.jpg
LIQUIFRUIT JUICE RED GRAPE 2L,2l,P54.99,https://0e9888e15ff120042f30-8afe6499593a0c0cd36f211a1ceb9ca5.ssl.cf1.rackcdn.com/40870.png,https://echoppies.com/product_detail.php?pdt=liquifruit-juice-red-grape-2l,Cold Drinks - All,echoppies.com,2026-10-08T04:26:14+00:00,C:\Users\Kudzanai\Documents\2026\Eatouts\Alcohol Database\beverage_images\LIQUIFRUIT-JUICE-RED-GRAPE-2L.png
LIQUIFRUIT 300ML CRANBERRY COOLER,300ml,P13.99,https://0e9888e15ff120042f30-8afe6499593a0c0cd36f211a1ceb9ca5.ssl.cf1.rackcdn.com/40904.jpg,https://echoppies.com/product_detail.php?pdt=liquifruit-300ml-cranberry-cooler,Cold Drinks - All,echoppies.com,2026-10-08T04:26:14+00:00,C:\Users\Kudzanai\Documents\2026\Eatouts\Alcohol Database\beverage_images\LIQUIFRUIT-300ML-CRANBERRY-COOLER.jpg
LIQUIFRUIT 300ML MANGO & ORANGE,300ml,P13.99,https://0e9888e15ff120042f30-8afe6499593a0c0cd36f211a1ceb9ca5.ssl.cf1.rackcdn.com/40905.jpg,https://echoppies.com/product_detail.php?pdt=liquifruit-300ml-mango-and-orange,Cold Drinks - All,echoppies.com,2026-10-08T04:26:14+00:00,C:\Users\Kudzanai\Documents\2026\Eatouts\Alcohol Database\beverage_images\LIQUIFRUIT-300ML-MANGO-ORANGE.jpg
LIQUIFRUIT 300ML ORANGE,300ml,P13.99,https://0e9888e15ff120042f30-8afe6499593a0c0cd36f211a1ceb9ca5.ssl.cf1.rackcdn.com/40906.jpg,https://echoppies.com/product_detail.php?pdt=liquifruit-300ml-orange,Cold Drinks - All,echoppies.com,2026-10-08T04:26:14+00:00,C:\Users\Kudzanai\Documents\2026\Eatouts\Alcohol Database\beverage_images\LIQUIFRUIT-300ML-ORANGE.jpg
LIQUIFRUIT 300ML RED GRAPE,300ml,P13.99,https://0e9888e15ff120042f30-8afe6499593a0c0cd36f211a1ceb9ca5.ssl.cf1.rackcdn.com/40907.jpg,https://echoppies.com/product_detail.php?pdt=liquifruit-300ml-red-grape,Cold Drinks - All,echoppies.com,2026-10-08T04:26:14+00:00,C:\Users\Kudzanai\Documents\2026\Eatouts\Alcohol Database\beverage_images\LIQUIFRUIT-300ML-RED-GRAPE.jpg
LIQUIFRUIT 1L JUICE BERRY BLAZE,1l,P31.99,https://0e9888e15ff120042f30-8afe6499593a0c0cd36f211a1ceb9ca5.ssl.cf1.rackcdn.com/40934.jpg,https://echoppies.com/product_detail.php?pdt=liquifruit-1l-juice-berry-blaze,Cold Drinks - All,echoppies.com,2026-10-08T04:26:14+00:00,C:\Users\Kudzanai\Documents\2026\Eatouts\Alcohol Database\beverage_images\LIQUIFRUIT-1L-JUICE-BERRY-BLAZE.jpg
LIQUIFRUIT JUICE BREAKFAST PUNCH 1L,1l,P25.99,https://0e9888e15ff120042f30-8afe6499593a0c0cd36f211a1ceb9ca5.ssl.cf1.rackcdn.com/40936.png,https://echoppies.com/product_detail.php?pdt=liquifruit-juice-breakfast-punch-1l,Cold Drinks - All,echoppies.com,2026-10-08T04:26:14+00:00,C:\Users\Kudzanai\Documents\2026\Eatouts\Alcohol Database\beverage_images\LIQUIFRUIT-JUICE-BREAKFAST-PUNCH-1L.png
LIQUIFRUIT JUICE CRANBERRY COOLER 1L,1l,P31.99,https://0e9888e15ff120042f30-8afe6499593a0c0cd36f211a1ceb9ca5.ssl.cf1.rackcdn.com/40938.png,https://echoppies.com/product_detail.php?pdt=liquifruit-juice-cranberry-cooler-1l,Cold Drinks - All,echoppies.com,2026-10-08T04:26:14+00:00,C:\Users\Kudzanai\Documents\2026\Eatouts\Alcohol Database\beverage_images\LIQUIFRUIT-JUICE-CRANBERRY-COOLER-1L.png
FRUITREE JUICE ORANGE 1L,1l,P26.99,https://0e9888e15ff120042f30-8afe6499593a0c0cd36f211a1ceb9ca5.ssl.cf1.rackcdn.com/40917.png,https://echoppies.com/product_detail.php?pdt=fruitree-juice-orange-1l,Cold Drinks - All,echoppies.com,2026-10-08T04:26:14+00:00,C:\Users\Kudzanai\Documents\2026\Eatouts\Alcohol Database\beverage_images\FRUITREE-JUICE-ORANGE-1L.png
FRUITREE JUICE REDGRAPE 1L,1l,P26.99,https://0e9888e15ff120042f30-8afe6499593a0c0cd36f211a1ceb9ca5.ssl.cf1.rackcdn.com/40918.png,https://echoppies.com/product_detail.php?pdt=fruitree-juice-redgrape-1l,Cold Drinks - All,echoppies.com,2026-10-08T04:26:14+00:00,C:\Users\Kudzanai\Documents\2026\Eatouts\Alcohol Database\beverage_images\FRUITREE-JUICE-REDGRAPE-1L.png
FRUITREE JUICE MEDITERANEAN 1L,1l,P26.99,https://0e9888e15ff120042f30-8afe6499593a0c0cd36f211a1ceb9ca5.ssl.cf1.rackcdn.com/40920.png,https://echoppies.com/product_detail.php?pdt=fruitree-juice-mediteranean-1l,Cold Drinks - All,echoppies.com,2026-10-08T04:26:14+00:00,C:\Users\Kudzanai\Documents\2026\Eatouts\Alcohol Database\beverage_images\FRUITREE-JUICE-MEDITERANEAN-1L.png
FRUITREE JUICE PEACH/ORANGE 1L,1l,P26.99,https://0e9888e15ff120042f30-8afe6499593a0c0cd36f211a1ceb9ca5.ssl.cf1.rackcdn.com/40921.png,https://echoppies.com/product_detail.php?pdt=fruitree-juice-peach/orange-1l,Cold Drinks - All,echoppies.com,2026-10-08T04:26:14+00:00,C:\Users\Kudzanai\Documents\2026\Eatouts\Alcohol Database\beverage_images\FRUITREE-JUICE-PEACHORANGE-1L.png
CERES JUICE MANGO 200ML,200ml,P10.99,https://0e9888e15ff120042f30-8afe6499593a0c0cd36f211a1ceb9ca5.ssl.cf1.rackcdn.com/40853.png,https://echoppies.com/product_detail.php?pdt=ceres-juice-mango-200ml,Cold Drinks - All,echoppies.com,2026-10-08T04:26:15+00:00,C:\Users\Kudzanai\Documents\2026\Eatouts\Alcohol Database\beverage_images\CERES-JUICE-MANGO-200ML.png
CERES JUICE MEDLEY OF FRUITS 200ML,200ml,P10.99,https://0e9888e15ff120042f30-8afe6499593a0c0cd36f211a1ceb9ca5.ssl.cf1.rackcdn.com/40855.png,https://echoppies.com/product_detail.php?pdt=ceres-juice-medley-of-fruits-200ml,Cold Drinks - All,echoppies.com,2026-10-08T04:26:15+00:00,C:\Users\Kudzanai\Documents\2026\Eatouts\Alcohol Database\beverage_images\CERES-JUICE-MEDLEY-OF-FRUITS-200ML.png
PUREJOY 1L MANGO,1l,P32.99,https://0e9888e15ff120042f30-8afe6499593a0c0cd36f211a1ceb9ca5.ssl.cf1.rackcdn.com/39355.png,https://echoppies.com/product_detail.php?pdt=purejoy-1l-mango,Cold Drinks - All,echoppies.com,2026-10-08T04:26:15+00:00,C:\Users\Kudzanai\Documents\2026\Eatouts\Alcohol Database\beverage_images\PUREJOY-1L-MANGO.png
PUREJOY RED GRAPE 100% 1LTR,,P32.99,https://0e9888e15ff120042f30-8afe6499593a0c0cd36f211a1ceb9ca5.ssl.cf1.rackcdn.com/39364.png,https://echoppies.com/product_detail.php?pdt=purejoy-red-grape-100pcnt-1ltr,Cold Drinks - All,echoppies.com,2026-10-08T04:26:15+00:00,C:\Users\Kudzanai\Documents\2026\Eatouts\Alcohol Database\beverage_images\PUREJOY-RED-GRAPE-100-1LTR.png
PURE JOY APPLE 1L,1l,P32.99,https://0e9888e15ff120042f30-8afe6499593a0c0cd36f211a1ceb9ca5.ssl.cf1.rackcdn.com/39353.png,https://echoppies.com/product_detail.php?pdt=pure-joy-apple-1l,Cold Drinks - All,echoppies.com,2026-10-08T04:26:15+00:00,C:\Users\Kudzanai\Documents\2026\Eatouts\Alcohol Database\beverage_images\PURE-JOY-APPLE-1L.png
CHOPPIES WATER 500ML,500ml,P4.99,https://0e9888e15ff120042f30-8afe6499593a0c0cd36f211a1ceb9ca5.ssl.cf1.rackcdn.com/44524.png,https://echoppies.com/product_detail.php?pdt=choppies-water-500ml,Cold Drinks - All,echoppies.com,2026-10-08T04:26:15+00:00,C:\Users\Kudzanai\Documents\2026\Eatouts\Alcohol Database\beverage_images\CHOPPIES-WATER-500ML.png
CHOPPIES WATER 1.5L,1.5l,P11.99,https://0e9888e15ff120042f30-8afe6499593a0c0cd36f211a1ceb9ca5.ssl.cf1.rackcdn.com/44832.png,https://echoppies.com/product_detail.php?pdt=choppies-water-15l,Cold Drinks - All,echoppies.com,2026-10-08T04:26:15+00:00,C:\Users\Kudzanai\Documents\2026\Eatouts\Alcohol Database\beverage_images\CHOPPIES-WATER-1.5L.png
CHOPPIES 5L WATER,5l,P21.99,https://0e9888e15ff120042f30-8afe6499593a0c0cd36f211a1ceb9ca5.ssl.cf1.rackcdn.com/47968.jpg,https://echoppies.com/product_detail.php?pdt=choppies-5l-water,Cold Drinks - All,echoppies.com,2026-10-08T04:26:15+00:00,C:\Users\Kudzanai\Documents\2026\Eatouts\Alcohol Database\beverage_images\CHOPPIES-5L-WATER.jpg
BONNITA Blend Cabana Granadilla,,P16.99,https://shopsefalana.com/images/thumbs/0039197_bonnita-blend-cabana-granadilla-1-x-1lt_360.jpeg,https://shopsefalana.com/bonnita-blend-cabana-granadilla-1-x-1lt,Fruit Juices (Sefalana),shopsefalana.com,2026-10-08T04:26:34+00:00,C:\Users\Kudzanai\Documents\2026\Eatouts\Alcohol Database\beverage_images\BONNITA-Blend-Cabana-Granadilla.jpeg
BONNITA Blend Cabana Orange,,P16.99,https://shopsefalana.com/images/thumbs/0039200_bonnita-blend-cabana-orange-1-x-1lt_360.jpeg,https://shopsefalana.com/bonnita-blend-cabana-orange-1-x-1lt,Fruit Juices (Sefalana),shopsefalana.com,2026-10-08T04:26:34+00:00,C:\Users\Kudzanai\Documents\2026\Eatouts\Alcohol Database\beverage_images\BONNITA-Blend-Cabana-Orange.jpeg
BONNITA Blend Cabana Orange 2Lt,2l,P27.99,https://shopsefalana.com/images/thumbs/0039201_bonnita-blend-cabana-orange-1-x-2lt_360.jpeg,https://shopsefalana.com/bonnita-blend-cabana-orange-1-x-2lt,Fruit Juices (Sefalana),shopsefalana.com,2026-10-08T04:26:34+00:00,C:\Users\Kudzanai\Documents\2026\Eatouts\Alcohol Database\beverage_images\BONNITA-Blend-Cabana-Orange-2Lt.jpeg
BONNITA Blend Cabana Orange 500Ml,500ml,P9.99,https://shopsefalana.com/images/thumbs/0039202_bonnita-blend-cabana-orange-1-x-500ml_360.jpeg,https://shopsefalana.com/bonnita-blend-cabana-orange-1-x-500ml,Fruit Juices (Sefalana),shopsefalana.com,2026-10-08T04:26:34+00:00,C:\Users\Kudzanai\Documents\2026\Eatouts\Alcohol Database\beverage_images\BONNITA-Blend-Cabana-Orange-500Ml.jpeg
BONNITA Blend Cabana Peach,,P16.99,https://shopsefalana.com/images/thumbs/0039203_bonnita-blend-cabana-peach-1-x-1lt_360.jpeg,https://shopsefalana.com/bonnita-blend-cabana-peach-1-x-1lt,Fruit Juices (Sefalana),shopsefalana.com,2026-10-08T04:26:34+00:00,C:\Users\Kudzanai\Documents\2026\Eatouts\Alcohol Database\beverage_images\BONNITA-Blend-Cabana-Peach.jpeg
BONNITA Blend Cabana Peach 2Lt,2l,P27.99,https://shopsefalana.com/images/thumbs/0039204_bonnita-blend-cabana-peach-1-x-2lt_360.jpeg,https://shopsefalana.com/bonnita-blend-cabana-peach-1-x-2lt,Fruit Juices (Sefalana),shopsefalana.com,2026-10-08T04:26:34+00:00,C:\Users\Kudzanai\Documents\2026\Eatouts\Alcohol Database\beverage_images\BONNITA-Blend-Cabana-Peach-2Lt.jpeg
BONNITA Blend Cabana Peach 500Ml,500ml,P9.99,https://shopsefalana.com/images/thumbs/0039205_bonnita-blend-cabana-peach-1-x-500ml_360.jpeg,https://shopsefalana.com/bonnita-blend-cabana-peach-1-x-500ml,Fruit Juices (Sefalana),shopsefalana.com,2026-10-08T04:26:35+00:00,C:\Users\Kudzanai\Documents\2026\Eatouts\Alcohol Database\beverage_images\BONNITA-Blend-Cabana-Peach-500Ml.jpeg
BONNITA Blend Cabana Pineapple,,P16.99,https://shopsefalana.com/images/thumbs/0039206_bonnita-blend-cabana-pineapple-1-x-1lt_360.jpeg,https://shopsefalana.com/bonnita-blend-cabana-pineapple-1-x-1lt,Fruit Juices (Sefalana),shopsefalana.com,2026-10-08T04:26:35+00:00,C:\Users\Kudzanai\Documents\2026\Eatouts\Alcohol Database\beverage_images\BONNITA-Blend-Cabana-Pineapple.jpeg
BONNITA Blend Cabana Pineapple 2Lt,2l,P27.99,https://shopsefalana.com/images/thumbs/0039207_bonnita-blend-cabana-pineapple-1-x-2lt_360.jpeg,https://shopsefalana.com/bonnita-blend-cabana-pineapple-1-x-2lt,Fruit Juices (Sefalana),shopsefalana.com,2026-10-08T04:26:35+00:00,C:\Users\Kudzanai\Documents\2026\Eatouts\Alcohol Database\beverage_images\BONNITA-Blend-Cabana-Pineapple-2Lt.jpeg
BONNITA Blend Cabana Pineapple 250Ml,250ml,P6.99,https://shopsefalana.com/images/thumbs/0039208_bonnita-blend-cabana-pineapple-1-x-250ml_360.jpeg,https://shopsefalana.com/bonnita-blend-cabana-pineapple-1-x-350ml-2,Fruit Juices (Sefalana),shopsefalana.com,2026-10-08T04:26:35+00:00,C:\Users\Kudzanai\Documents\2026\Eatouts\Alcohol Database\beverage_images\BONNITA-Blend-Cabana-Pineapple-250Ml.jpeg
BONNITA Blend Cabana Pineapple 500Ml,500ml,P9.99,https://shopsefalana.com/images/thumbs/0039209_bonnita-blend-cabana-pineapple-1-x-500ml_360.jpeg,https://shopsefalana.com/bonnita-blend-cabana-pineapple-1-x-500ml,Fruit Juices (Sefalana),shopsefalana.com,2026-10-08T04:26:35+00:00,C:\Users\Kudzanai\Documents\2026\Eatouts\Alcohol Database\beverage_images\BONNITA-Blend-Cabana-Pineapple-500Ml.jpeg
BONNITA Blend Cabana Tropical,,P16.99,https://shopsefalana.com/images/thumbs/0039210_bonnita-blend-cabana-tropical-1-x-1lt_360.jpeg,https://shopsefalana.com/bonnita-blend-cabana-tropical-1-x-1lt,Fruit Juices (Sefalana),shopsefalana.com,2026-10-08T04:26:35+00:00,C:\Users\Kudzanai\Documents\2026\Eatouts\Alcohol Database\beverage_images\BONNITA-Blend-Cabana-Tropical.jpeg
BONNITA Blend Cabana Tropical 2Lt,2l,P27.99,https://shopsefalana.com/images/thumbs/0039211_bonnita-blend-cabana-tropical-1-x-2lt_360.jpeg,https://shopsefalana.com/bonnita-blend-cabana-tropical-1-x-2lt,Fruit Juices (Sefalana),shopsefalana.com,2026-10-08T04:26:35+00:00,C:\Users\Kudzanai\Documents\2026\Eatouts\Alcohol Database\beverage_images\BONNITA-Blend-Cabana-Tropical-2Lt.jpeg
FRUITREE JABBA Juice D Pineaplle 160Ml,160ml,P5.99,https://www.shopsefalana.com/images/thumbs/0030220_fruitree-jabba-juice-pineaplle-1-x-160ml_360.jpeg,https://shopsefalana.com/fruitree-jabba-juice-pineaplle-1-x-160ml,Fruit Juices (Sefalana),shopsefalana.com,2026-10-08T04:26:35+00:00,C:\Users\Kudzanai\Documents\2026\Eatouts\Alcohol Database\beverage_images\FRUITREE-JABBA-Juice-D-Pineaplle-160Ml.jpeg
FRUITREE JABBA Juice D Pineaplle 160Ml x 3,3x160ml,P15.99,https://www.shopsefalana.com/images/thumbs/0030221_fruitree-jabba-juice-pineaplle-3-x-160ml_360.jpeg,https://shopsefalana.com/fruitree-jabba-juice-pineaplle-3-x-160ml,Fruit Juices (Sefalana),shopsefalana.com,2026-10-08T04:26:35+00:00,C:\Users\Kudzanai\Documents\2026\Eatouts\Alcohol Database\beverage_images\FRUITREE-JABBA-Juice-D-Pineaplle-160Ml-x-3.jpeg
FRUITREEE Juice Apple 200Ml,200ml,P5.99,https://shopsefalana.com/images/thumbs/0016136_fruitreee-juice-apple-1-x-200ml_360.jpeg,https://shopsefalana.com/fruitreee-juice-apple-1-x-200ml,Fruit Juices (Sefalana),shopsefalana.com,2026-10-08T04:26:35+00:00,C:\Users\Kudzanai\Documents\2026\Eatouts\Alcohol Database\beverage_images\FRUITREEE-Juice-Apple-200Ml.jpeg
FRUITREEE Juice Apple 200Ml x 6,6x200ml,P34.99,https://www.shopsefalana.com/images/thumbs/0022596_fruitreee-juice-apple-6-x-200ml_360.jpeg,https://shopsefalana.com/fruitreee-juice-apple-6-x-200ml,Fruit Juices (Sefalana),shopsefalana.com,2026-10-08T04:26:35+00:00,C:\Users\Kudzanai\Documents\2026\Eatouts\Alcohol Database\beverage_images\FRUITREEE-Juice-Apple-200Ml-x-6.jpeg
FRUITREEE Juice Glass Guava 350Ml,350ml,P11.99,https://shopsefalana.com/images/thumbs/0047846_fruitreee-juice-glass-guava-350ml_360.jpeg,https://shopsefalana.com/fruitreee-juice-glass-guava-1-x-350ml,Fruit Juices (Sefalana),shopsefalana.com,2026-10-08T04:26:35+00:00,C:\Users\Kudzanai\Documents\2026\Eatouts\Alcohol Database\beverage_images\FRUITREEE-Juice-Glass-Guava-350Ml.jpeg
FRUITREEE Juice Glass Guava 350Ml x 6,6x350ml,P67.99,https://shopsefalana.com/images/thumbs/0047845_fruitreee-juice-glass-guava-350ml-x-6_360.jpeg,https://shopsefalana.com/fruitreee-juice-glass-guava-6-x-350ml,Fruit Juices (Sefalana),shopsefalana.com,2026-10-08T04:26:35+00:00,C:\Users\Kudzanai\Documents\2026\Eatouts\Alcohol Database\beverage_images\FRUITREEE-Juice-Glass-Guava-350Ml-x-6.jpeg
FRUITREEE Juice Guava 200Ml,200ml,P5.99,https://shopsefalana.com/images/thumbs/0041857_fruitreee-juice-guava-1-x-200ml_360.jpeg,https://shopsefalana.com/fruitreee-juice-guava-1-x-200ml,Fruit Juices (Sefalana),shopsefalana.com,2026-10-08T04:26:35+00:00,C:\Users\Kudzanai\Documents\2026\Eatouts\Alcohol Database\beverage_images\FRUITREEE-Juice-Guava-200Ml.jpeg
FRUITREEE Juice Guava 200Ml x 6,6x200ml,P34.99,https://shopsefalana.com/images/thumbs/0041858_fruitreee-juice-guava-6-x-200ml_360.jpeg,https://shopsefalana.com/fruitreee-juice-guava-6-x-200ml,Fruit Juices (Sefalana),shopsefalana.com,2026-10-08T04:26:48+00:00,C:\Users\Kudzanai\Documents\2026\Eatouts\Alcohol Database\beverage_images\FRUITREEE-Juice-Guava-200Ml-x-6.jpeg
FRUITREEE Juice Mango 200Ml,200ml,P5.99,https://shopsefalana.com/images/thumbs/0041862_fruitreee-juice-mango-1-x-200ml_360.jpeg,https://shopsefalana.com/fruitreee-juice-mango-1-x-200ml,Fruit Juices (Sefalana),shopsefalana.com,2026-10-08T04:26:48+00:00,C:\Users\Kudzanai\Documents\2026\Eatouts\Alcohol Database\beverage_images\FRUITREEE-Juice-Mango-200Ml.jpeg
FRUITREEE Juice Mango 200Ml x 6,6x200ml,P34.99,https://www.shopsefalana.com/images/thumbs/0041863_fruitreee-juice-mango-6-x-200ml_360.jpeg,https://shopsefalana.com/fruitreee-juice-mango-6-x-200ml,Fruit Juices (Sefalana),shopsefalana.com,2026-10-08T04:26:49+00:00,C:\Users\Kudzanai\Documents\2026\Eatouts\Alcohol Database\beverage_images\FRUITREEE-Juice-Mango-200Ml-x-6.jpeg
FRUITREEE Juice Mediteraine,,P22.99,https://shopsefalana.com/images/thumbs/0047844_fruitreee-juice-mediteraine_360.jpeg,https://shopsefalana.com/fruitreee-juice-mediteraine-1-x-1l,Fruit Juices (Sefalana),shopsefalana.com,2026-10-08T04:26:49+00:00,C:\Users\Kudzanai\Documents\2026\Eatouts\Alcohol Database\beverage_images\FRUITREEE-Juice-Mediteraine.jpeg
FRUITREEE Juice Mediterrainean 200Ml,200ml,P5.99,https://shopsefalana.com/images/thumbs/0041865_fruitreee-juice-mediterrainean-1-x-200ml_360.jpeg,https://shopsefalana.com/fruitreee-juice-mediterrainean-1-x-200ml,Fruit Juices (Sefalana),shopsefalana.com,2026-10-08T04:26:49+00:00,C:\Users\Kudzanai\Documents\2026\Eatouts\Alcohol Database\beverage_images\FRUITREEE-Juice-Mediterrainean-200Ml.jpeg
FRUITREEE Juice Mediterrainean 200Ml x 6,6x200ml,P34.99,https://shopsefalana.com/images/thumbs/0041866_fruitreee-juice-mediterrainean-6-x-200ml_360.jpeg,https://shopsefalana.com/fruitreee-juice-mediterrainean-6-x-200ml,Fruit Juices (Sefalana),shopsefalana.com,2026-10-08T04:26:49+00:00,C:\Users\Kudzanai\Documents\2026\Eatouts\Alcohol Database\beverage_images\FRUITREEE-Juice-Mediterrainean-200Ml-x-6.jpeg
FRUITREEE Juice Straw & Bana,,P22.99,https://shopsefalana.com/images/thumbs/0041906_fruitreee-juice-straw-bana-1-x-1l_360.jpeg,https://shopsefalana.com/fruitreee-juice-straw-bana-1-x-1l,Fruit Juices (Sefalana),shopsefalana.com,2026-10-08T04:26:49+00:00,C:\Users\Kudzanai\Documents\2026\Eatouts\Alcohol Database\beverage_images\FRUITREEE-Juice-Straw-Bana.jpeg
FRUITREEE Juice Strwbry&Banana 200Ml,200ml,P5.99,https://shopsefalana.com/images/thumbs/0041907_fruitreee-juice-strwbrybanana-1-x-200ml_360.jpeg,https://shopsefalana.com/fruitreee-juice-strwbrybanana-1-x-200ml,Fruit Juices (Sefalana),shopsefalana.com,2026-10-08T04:26:49+00:00,C:\Users\Kudzanai\Documents\2026\Eatouts\Alcohol Database\beverage_images\FRUITREEE-Juice-StrwbryBanana-200Ml.jpeg
FRUITREEE Juice Strwbry&Banana 200Ml x 6,6x200ml,P34.99,https://www.shopsefalana.com/images/thumbs/0041908_fruitreee-juice-strwbrybanana-6-x-200ml_360.jpeg,https://shopsefalana.com/fruitreee-juice-strwbrybanana-6-x-200ml,Fruit Juices (Sefalana),shopsefalana.com,2026-10-08T04:26:49+00:00,C:\Users\Kudzanai\Documents\2026\Eatouts\Alcohol Database\beverage_images\FRUITREEE-Juice-StrwbryBanana-200Ml-x-6.jpeg
FRUITREEE Juice Tropical 200Ml,200ml,P5.99,https://shopsefalana.com/images/thumbs/0030251_fruitreee-juice-tropical-1-x-200ml_360.jpeg,https://shopsefalana.com/fruitreee-juice-tropical-1-x-200ml,Fruit Juices (Sefalana),shopsefalana.com,2026-10-08T04:26:49+00:00,C:\Users\Kudzanai\Documents\2026\Eatouts\Alcohol Database\beverage_images\FRUITREEE-Juice-Tropical-200Ml.jpeg
FRUITREEE Juice Tropical 200Ml x 6,6x200ml,P34.99,https://www.shopsefalana.com/images/thumbs/0030252_fruitreee-juice-tropical-6-x-200ml_360.jpeg,https://shopsefalana.com/fruitreee-juice-tropical-6-x-200ml,Fruit Juices (Sefalana),shopsefalana.com,2026-10-08T04:26:49+00:00,C:\Users\Kudzanai\Documents\2026\Eatouts\Alcohol Database\beverage_images\FRUITREEE-Juice-Tropical-200Ml-x-6.jpeg
KRUSH Discontinued Juice 100% UHT Mango 200Ml,200ml,P7.99,https://shopsefalana.com/images/thumbs/0041849_krush-juice-100-uht-mango-1-x-200ml_360.jpeg,https://shopsefalana.com/krush-juice-100-uht-mango-1-x-200ml,Fruit Juices (Sefalana),shopsefalana.com,2026-10-08T04:26:49+00:00,C:\Users\Kudzanai\Documents\2026\Eatouts\Alcohol Database\beverage_images\KRUSH-Discontinued-Juice-100-UHT-Mango-200Ml.jpeg
LIQUIFRUIT Juice 100% Berry Blaze 2Lt,2l,P59.99,https://shopsefalana.com/images/thumbs/0041748_liquifruit-juice-100-berry-blaze-1-x-2lt_360.jpeg,https://shopsefalana.com/liquifruit-juice-100-berry-blaze-1-x-2lt,Fruit Juices (Sefalana),shopsefalana.com,2026-10-08T04:26:49+00:00,C:\Users\Kudzanai\Documents\2026\Eatouts\Alcohol Database\beverage_images\LIQUIFRUIT-Juice-100-Berry-Blaze-2Lt.jpeg
LIQUIFRUIT Juice 100% Cranberry Cooler 2Lt,2l,P49.99,https://shopsefalana.com/images/thumbs/0041767_liquifruit-juice-100-cranberry-cooler-1-x-2lt_360.jpeg,https://shopsefalana.com/liquifruit-juice-100-cranberry-cooler-1-x-2lt,Fruit Juices (Sefalana),shopsefalana.com,2026-10-08T04:26:49+00:00,C:\Users\Kudzanai\Documents\2026\Eatouts\Alcohol Database\beverage_images\LIQUIFRUIT-Juice-100-Cranberry-Cooler-2Lt.jpeg
LIQUIFRUIT Juice 100% Cranberry Cooler 2Lt x 6,6x2l,P289.99,https://shopsefalana.com/images/thumbs/0041768_liquifruit-juice-100-cranberry-cooler-6-x-2lt_360.jpeg,https://shopsefalana.com/liquifruit-juice-100-cranberry-cooler-6-x-2lt,Fruit Juices (Sefalana),shopsefalana.com,2026-10-08T04:26:49+00:00,C:\Users\Kudzanai\Documents\2026\Eatouts\Alcohol Database\beverage_images\LIQUIFRUIT-Juice-100-Cranberry-Cooler-2Lt-x-6.jpeg
LIQUIFRUIT Juice 100% Mango Orange 2Lt,2l,P49.99,https://shopsefalana.com/images/thumbs/0049023_liquifruit-juice-100-mango-orange-2lt_360.png,https://shopsefalana.com/liquifruit-juice-100-mango-orange-1-x-2lt,Fruit Juices (Sefalana),shopsefalana.com,2026-10-08T04:26:49+00:00,C:\Users\Kudzanai\Documents\2026\Eatouts\Alcohol Database\beverage_images\LIQUIFRUIT-Juice-100-Mango-Orange-2Lt.png
LIQUIFRUIT Juice Can Berry Blaze 300Ml,300ml,P11.99,https://shopsefalana.com/images/thumbs/0049017_liquifruit-juice-can-berry-blaze-300ml_360.png,https://shopsefalana.com/liquifruit-juice-can-berry-blaze-1-x-300ml,Fruit Juices (Sefalana),shopsefalana.com,2026-10-08T04:26:49+00:00,C:\Users\Kudzanai\Documents\2026\Eatouts\Alcohol Database\beverage_images\LIQUIFRUIT-Juice-Can-Berry-Blaze-300Ml.png
LIQUIFRUIT Juice Can Berry Blaze 300Ml x 6,6x300ml,P68.99,https://shopsefalana.com/images/thumbs/0049038_liquifruit-juice-can-berry-blaze-300ml-x-6_360.png,https://shopsefalana.com/liquifruit-juice-can-berry-blaze-6-x-300ml,Fruit Juices (Sefalana),shopsefalana.com,2026-10-08T04:26:49+00:00,C:\Users\Kudzanai\Documents\2026\Eatouts\Alcohol Database\beverage_images\LIQUIFRUIT-Juice-Can-Berry-Blaze-300Ml-x-6.png
LIQUIFRUIT Juice Can Berry Blaze 300Ml x 24,24x300ml,P269.99,https://shopsefalana.com/images/thumbs/0049040_liquifruit-juice-can-berry-blaze-300ml-x-24_360.png,https://shopsefalana.com/liquifruit-juice-can-berry-blaze-24-x-300ml,Fruit Juices (Sefalana),shopsefalana.com,2026-10-08T04:26:49+00:00,C:\Users\Kudzanai\Documents\2026\Eatouts\Alcohol Database\beverage_images\LIQUIFRUIT-Juice-Can-Berry-Blaze-300Ml-x-24.png
LIQUIFRUIT Juice Can Clear Apple 300Ml,300ml,P11.99,https://shopsefalana.com/images/thumbs/0049018_liquifruit-juice-can-clear-apple-300ml_360.png,https://shopsefalana.com/liquifruit-juice-can-clear-apple-1-x-300ml,Fruit Juices (Sefalana),shopsefalana.com,2026-10-08T04:26:49+00:00,C:\Users\Kudzanai\Documents\2026\Eatouts\Alcohol Database\beverage_images\LIQUIFRUIT-Juice-Can-Clear-Apple-300Ml.png
LIQUIFRUIT Juice Can Clear Apple 300Ml x 6,6x300ml,P68.99,https://shopsefalana.com/images/thumbs/0049039_liquifruit-juice-can-clear-apple-300ml-x-6_360.png,https://shopsefalana.com/liquifruit-juice-can-clear-apple-6-x-300ml,Fruit Juices (Sefalana),shopsefalana.com,2026-10-08T04:27:02+00:00,C:\Users\Kudzanai\Documents\2026\Eatouts\Alcohol Database\beverage_images\LIQUIFRUIT-Juice-Can-Clear-Apple-300Ml-x-6.png
LIQUIFRUIT Juice Can Clear Apple 300Ml x 24,24x300ml,P269.99,https://shopsefalana.com/images/thumbs/0049041_liquifruit-juice-can-clear-apple-300ml-x-24_360.png,https://shopsefalana.com/liquifruit-juice-can-clear-apple-24-x-300ml,Fruit Juices (Sefalana),shopsefalana.com,2026-10-08T04:27:02+00:00,C:\Users\Kudzanai\Documents\2026\Eatouts\Alcohol Database\beverage_images\LIQUIFRUIT-Juice-Can-Clear-Apple-300Ml-x-24.png
LIQUIFRUIT Juice Can Mango & Orange 300Ml,300ml,P11.99,https://shopsefalana.com/images/thumbs/0049022_liquifruit-juice-can-mango-orange-300ml_360.png,https://shopsefalana.com/liquifruit-juice-can-mango-orange-1-x-300ml,Fruit Juices (Sefalana),shopsefalana.com,2026-10-08T04:27:02+00:00,C:\Users\Kudzanai\Documents\2026\Eatouts\Alcohol Database\beverage_images\LIQUIFRUIT-Juice-Can-Mango-Orange-300Ml.png
LIQUIFRUIT Juice Can Mango & Orange 300Ml x 6,6x300ml,P68.99,https://shopsefalana.com/images/thumbs/0049024_liquifruit-juice-can-mango-orange-300ml-x-6_360.png,https://shopsefalana.com/liquifruit-juice-can-mango-orange-6-x-300ml,Fruit Juices (Sefalana),shopsefalana.com,2026-10-08T04:27:02+00:00,C:\Users\Kudzanai\Documents\2026\Eatouts\Alcohol Database\beverage_images\LIQUIFRUIT-Juice-Can-Mango-Orange-300Ml-x-6.png
LIQUIFRUIT Juice Can Mango & Orange 300Ml x 24,24x300ml,P269.99,https://shopsefalana.com/images/thumbs/0049025_liquifruit-juice-can-mango-orange-300ml-x-24_360.png,https://shopsefalana.com/liquifruit-juice-can-mango-orange-24-x-300ml,Fruit Juices (Sefalana),shopsefalana.com,2026-10-08T04:27:02+00:00,C:\Users\Kudzanai\Documents\2026\Eatouts\Alcohol Database\beverage_images\LIQUIFRUIT-Juice-Can-Mango-Orange-300Ml-x-24.png
LIQUIFRUIT Liquifruit Mango & Orange 200Ml x 6,6x200ml,P45.99,https://shopsefalana.com/images/thumbs/0049020_liquifruit-mango-orange-200ml-x-6_360.png,https://shopsefalana.com/liquifruit-liquifruit-mango-orange-ml-x-6,Fruit Juices (Sefalana),shopsefalana.com,2026-10-08T04:27:02+00:00,C:\Users\Kudzanai\Documents\2026\Eatouts\Alcohol Database\beverage_images\LIQUIFRUIT-Liquifruit-Mango-Orange-200Ml-x-6.png
MAGALIES Breakfast Punch Nect 5L,5l,P259.99,https://shopsefalana.com/images/thumbs/0021945_magalies-breakfast-punch-nect-1-x-5l_360.jpeg,https://shopsefalana.com/magalies-breakfast-punch-nect-1-x-5l,Fruit Juices (Sefalana),shopsefalana.com,2026-10-08T04:27:02+00:00,C:\Users\Kudzanai\Documents\2026\Eatouts\Alcohol Database\beverage_images\MAGALIES-Breakfast-Punch-Nect-5L.jpeg
OROS Juice RTD 500Ml,500ml,P9.99,https://shopsefalana.com/images/thumbs/0041873_oros-juice-rtd-1-x-500ml_360.jpeg,https://shopsefalana.com/oros-juice-rtd-1-x-500ml,Fruit Juices (Sefalana),shopsefalana.com,2026-10-08T04:27:03+00:00,C:\Users\Kudzanai\Documents\2026\Eatouts\Alcohol Database\beverage_images\OROS-Juice-RTD-500Ml.jpeg
OROS Juice RTD 500Ml x 6,6x500ml,P56.99,https://shopsefalana.com/images/thumbs/0041874_oros-juice-rtd-6-x-500ml_360.jpeg,https://shopsefalana.com/oros-juice-rtd-6-x-500ml,Fruit Juices (Sefalana),shopsefalana.com,2026-10-08T04:27:03+00:00,C:\Users\Kudzanai\Documents\2026\Eatouts\Alcohol Database\beverage_images\OROS-Juice-RTD-500Ml-x-6.jpeg
PURE JOY Juice Red Grape,,P32.99,https://www.shopsefalana.com/images/thumbs/0041871_pure-joy-juice-red-grape-1-x-1lt_360.jpeg,https://shopsefalana.com/pure-joy-juice-red-grape-1-x-1lt,Fruit Juices (Sefalana),shopsefalana.com,2026-10-08T04:27:03+00:00,C:\Users\Kudzanai\Documents\2026\Eatouts\Alcohol Database\beverage_images\PURE-JOY-Juice-Red-Grape.jpeg
RHODES Discon Juice 100% Apple 2Lt,2l,P56.99,https://www.shopsefalana.com/images/thumbs/0041721_rhodes-juice-100-apple-1-x-2lt_360.jpeg,https://shopsefalana.com/rhodes-juice-100-apple-1-x-2lt,Fruit Juices (Sefalana),shopsefalana.com,2026-10-08T04:27:03+00:00,C:\Users\Kudzanai\Documents\2026\Eatouts\Alcohol Database\beverage_images\RHODES-Discon-Juice-100-Apple-2Lt.jpeg
RHODES Discon Juice 100% Apple 2Lt x 6,6x2l,P331.99,https://www.shopsefalana.com/images/thumbs/0041722_rhodes-juice-100-apple-6-x-2lt_360.jpeg,https://shopsefalana.com/rhodes-juice-100-apple-6-x-2lt,Fruit Juices (Sefalana),shopsefalana.com,2026-10-08T04:27:03+00:00,C:\Users\Kudzanai\Documents\2026\Eatouts\Alcohol Database\beverage_images\RHODES-Discon-Juice-100-Apple-2Lt-x-6.jpeg
RHODES Discon Juice 100% Berry 2Lt,2l,P56.99,https://www.shopsefalana.com/images/thumbs/0041725_rhodes-juice-100-berry-1-x-2lt_360.jpeg,https://shopsefalana.com/rhodes-juice-100-berry-1-x-2lt,Fruit Juices (Sefalana),shopsefalana.com,2026-10-08T04:27:03+00:00,C:\Users\Kudzanai\Documents\2026\Eatouts\Alcohol Database\beverage_images\RHODES-Discon-Juice-100-Berry-2Lt.jpeg
RHODES Discon Juice 100% Berry 2Lt x 6,6x2l,P331.99,https://www.shopsefalana.com/images/thumbs/0041726_rhodes-juice-100-berry-6-x-2lt_360.jpeg,https://shopsefalana.com/rhodes-juice-100-berry-6-x-2lt,Fruit Juices (Sefalana),shopsefalana.com,2026-10-08T04:27:03+00:00,C:\Users\Kudzanai\Documents\2026\Eatouts\Alcohol Database\beverage_images\RHODES-Discon-Juice-100-Berry-2Lt-x-6.jpeg
RHODES Discon Juice 100% Red Grape 2Lt,2l,P56.99,https://www.shopsefalana.com/images/thumbs/0041731_rhodes-juice-100-red-grape-1-x-2lt_360.jpeg,https://shopsefalana.com/rhodes-juice-100-red-grape-1-x-2lt,Fruit Juices (Sefalana),shopsefalana.com,2026-10-08T04:27:03+00:00,C:\Users\Kudzanai\Documents\2026\Eatouts\Alcohol Database\beverage_images\RHODES-Discon-Juice-100-Red-Grape-2Lt.jpeg
RHODES Discon Juice 100% Red Grape 2Lt x 6,6x2l,P331.99,https://www.shopsefalana.com/images/thumbs/0041732_rhodes-juice-100-red-grape-6-x-2lt_360.jpeg,https://shopsefalana.com/rhodes-juice-100-red-grape-6-x-2lt,Fruit Juices (Sefalana),shopsefalana.com,2026-10-08T04:27:03+00:00,C:\Users\Kudzanai\Documents\2026\Eatouts\Alcohol Database\beverage_images\RHODES-Discon-Juice-100-Red-Grape-2Lt-x-6.jpeg
RHODES Juice 100% Apple,,P25.99,https://shopsefalana.com/images/thumbs/0041735_rhodes-juice-100-apple-1-x-1lt_360.jpeg,https://shopsefalana.com/rhodes-juice-100-apple-1-x-1lt,Fruit Juices (Sefalana),shopsefalana.com,2026-10-08T04:27:03+00:00,
RHODES Juice 100% Apple x 6,,P179.99,https://shopsefalana.com/images/thumbs/0041736_rhodes-juice-100-apple-6-x-1lt_360.jpeg,https://shopsefalana.com/rhodes-juice-100-apple-6-x-1lt,Fruit Juices (Sefalana),shopsefalana.com,2026-10-08T04:27:03+00:00,C:\Users\Kudzanai\Documents\2026\Eatouts\Alcohol Database\beverage_images\RHODES-Juice-100-Apple-x-6.jpeg
RHODES Juice 100% Apple 200Ml,200ml,P8.99,https://www.shopsefalana.com/images/thumbs/0041737_rhodes-juice-100-apple-1-x-200ml_360.jpeg,https://shopsefalana.com/rhodes-juice-100-apple-1-x-200ml,Fruit Juices (Sefalana),shopsefalana.com,2026-10-08T04:27:03+00:00,C:\Users\Kudzanai\Documents\2026\Eatouts\Alcohol Database\beverage_images\RHODES-Juice-100-Apple-200Ml.jpeg
RHODES Juice 100% Apple 200Ml x 6,6x200ml,P43.99,https://www.shopsefalana.com/images/thumbs/0041738_rhodes-juice-100-apple-6-x-200ml_360.jpeg,https://shopsefalana.com/rhodes-juice-100-apple-6-x-200ml-3,Fruit Juices (Sefalana),shopsefalana.com,2026-10-08T04:27:03+00:00,C:\Users\Kudzanai\Documents\2026\Eatouts\Alcohol Database\beverage_images\RHODES-Juice-100-Apple-200Ml-x-6.jpeg
RHODES Juice 100% Apple 200Ml x 24,24x200ml,P189.99,https://www.shopsefalana.com/images/thumbs/0041739_rhodes-juice-100-apple-24-x-200ml_360.jpeg,https://shopsefalana.com/rhodes-juice-100-apple-24-x-200ml,Fruit Juices (Sefalana),shopsefalana.com,2026-10-08T04:27:16+00:00,C:\Users\Kudzanai\Documents\2026\Eatouts\Alcohol Database\beverage_images\RHODES-Juice-100-Apple-200Ml-x-24.jpeg
RHODES Juice 100% Apple Cranb,,P25.99,https://www.shopsefalana.com/images/thumbs/0041740_rhodes-juice-100-apple-cranb-1-x-1l_360.jpeg,https://shopsefalana.com/rhodes-juice-100-apple-cranb-1-x-1l,Fruit Juices (Sefalana),shopsefalana.com,2026-10-08T04:27:16+00:00,C:\Users\Kudzanai\Documents\2026\Eatouts\Alcohol Database\beverage_images\RHODES-Juice-100-Apple-Cranb.jpeg
RHODES Juice 100% Apple Cranb 200Ml,200ml,P9.99,https://www.shopsefalana.com/images/thumbs/0041742_rhodes-juice-100-apple-cranb-1-x-200ml_360.jpeg,https://shopsefalana.com/rhodes-juice-100-apple-cranb-1-x-200ml,Fruit Juices (Sefalana),shopsefalana.com,2026-10-08T04:27:16+00:00,C:\Users\Kudzanai\Documents\2026\Eatouts\Alcohol Database\beverage_images\RHODES-Juice-100-Apple-Cranb-200Ml.jpeg
RHODES Juice 100% Apple Cranb 200Ml x 6,6x200ml,P54.99,https://www.shopsefalana.com/images/thumbs/0041743_rhodes-juice-100-apple-cranb-6-x-200ml_360.jpeg,https://shopsefalana.com/rhodes-juice-100-apple-cranb-6-x-200ml,Fruit Juices (Sefalana),shopsefalana.com,2026-10-08T04:27:16+00:00,C:\Users\Kudzanai\Documents\2026\Eatouts\Alcohol Database\beverage_images\RHODES-Juice-100-Apple-Cranb-200Ml-x-6.jpeg
RHODES Juice 100% Apple Cranb 200Ml x 24,24x200ml,P219.99,https://www.shopsefalana.com/images/thumbs/0041744_rhodes-juice-100-apple-cranb-24-x-200ml_360.jpeg,https://shopsefalana.com/rhodes-juice-100-apple-cranb-24-x-200ml,Fruit Juices (Sefalana),shopsefalana.com,2026-10-08T04:27:16+00:00,C:\Users\Kudzanai\Documents\2026\Eatouts\Alcohol Database\beverage_images\RHODES-Juice-100-Apple-Cranb-200Ml-x-24.jpeg
RHODES Juice 100% Berry Blend,,P25.99,https://www.shopsefalana.com/images/thumbs/0041750_rhodes-juice-100-berry-blend-1-x-1lt_360.jpeg,https://shopsefalana.com/rhodes-juice-100-berry-blend-1-x-1lt,Fruit Juices (Sefalana),shopsefalana.com,2026-10-08T04:27:16+00:00,C:\Users\Kudzanai\Documents\2026\Eatouts\Alcohol Database\beverage_images\RHODES-Juice-100-Berry-Blend.jpeg
RHODES Juice 100% Cranberry,,P25.99,https://shopsefalana.com/images/thumbs/0041758_rhodes-juice-100-cranberry-1-x-1lt_360.jpeg,https://shopsefalana.com/rhodes-juice-100-cranberry-1-x-1lt,Fruit Juices (Sefalana),shopsefalana.com,2026-10-08T04:27:16+00:00,C:\Users\Kudzanai\Documents\2026\Eatouts\Alcohol Database\beverage_images\RHODES-Juice-100-Cranberry.jpeg
RHODES Juice 100% Cranberry 200Ml,200ml,P8.99,https://www.shopsefalana.com/images/thumbs/0041760_rhodes-juice-100-cranberry-1-x-200ml_360.jpeg,https://shopsefalana.com/rhodes-juice-100-cranberry-1-x-200ml,Fruit Juices (Sefalana),shopsefalana.com,2026-10-08T04:27:16+00:00,C:\Users\Kudzanai\Documents\2026\Eatouts\Alcohol Database\beverage_images\RHODES-Juice-100-Cranberry-200Ml.jpeg
RHODES Juice 100% Cranberry 200Ml x 6,6x200ml,P43.99,https://www.shopsefalana.com/images/thumbs/0041761_rhodes-juice-100-cranberry-6-x-200ml_360.jpeg,https://shopsefalana.com/rhodes-juice-100-cranberry-6-x-200ml-3,Fruit Juices (Sefalana),shopsefalana.com,2026-10-08T04:27:16+00:00,C:\Users\Kudzanai\Documents\2026\Eatouts\Alcohol Database\beverage_images\RHODES-Juice-100-Cranberry-200Ml-x-6.jpeg
RHODES Juice 100% Fruit Medly,,P25.99,https://www.shopsefalana.com/images/thumbs/0016104_rhodes-juice-100-fruit-medly-1-x-1l_360.jpeg,https://shopsefalana.com/rhodes-juice-100-fruit-medly-1-x-1l,Fruit Juices (Sefalana),shopsefalana.com,2026-10-08T04:27:16+00:00,C:\Users\Kudzanai\Documents\2026\Eatouts\Alcohol Database\beverage_images\RHODES-Juice-100-Fruit-Medly.jpeg
RHODES Juice 100% Fruit Medly 200Ml,200ml,P9.99,https://www.shopsefalana.com/images/thumbs/0016106_rhodes-juice-100-fruit-medly-1-x-200ml_360.jpeg,https://shopsefalana.com/rhodes-juice-100-fruit-medly-1-x-200ml,Fruit Juices (Sefalana),shopsefalana.com,2026-10-08T04:27:16+00:00,C:\Users\Kudzanai\Documents\2026\Eatouts\Alcohol Database\beverage_images\RHODES-Juice-100-Fruit-Medly-200Ml.jpeg
RHODES Juice 100% Fruit Medly 200Ml x 6,6x200ml,P54.99,https://www.shopsefalana.com/images/thumbs/0016107_rhodes-juice-100-fruit-medly-6-x-200ml_360.jpeg,https://shopsefalana.com/rhodes-juice-100-fruit-medly-6-x-200ml,Fruit Juices (Sefalana),shopsefalana.com,2026-10-08T04:27:16+00:00,C:\Users\Kudzanai\Documents\2026\Eatouts\Alcohol Database\beverage_images\RHODES-Juice-100-Fruit-Medly-200Ml-x-6.jpeg
RHODES Juice 100% Guava,,P25.99,https://shopsefalana.com/images/thumbs/0041770_rhodes-juice-100-guava-1-x-1lt_360.jpeg,https://shopsefalana.com/rhodes-juice-100-guava-1-x-1lt,Fruit Juices (Sefalana),shopsefalana.com,2026-10-08T04:27:16+00:00,C:\Users\Kudzanai\Documents\2026\Eatouts\Alcohol Database\beverage_images\RHODES-Juice-100-Guava.jpeg
RHODES Juice 100% Litchi,,P25.99,https://shopsefalana.com/images/thumbs/0041772_rhodes-juice-100-litchi-1-x-1lt_360.jpeg,https://shopsefalana.com/rhodes-juice-100-litchi-1-x-1lt,Fruit Juices (Sefalana),shopsefalana.com,2026-10-08T04:27:16+00:00,C:\Users\Kudzanai\Documents\2026\Eatouts\Alcohol Database\beverage_images\RHODES-Juice-100-Litchi.jpeg
RHODES Juice 100% Litchi 200Ml,200ml,P8.99,https://www.shopsefalana.com/images/thumbs/0041774_rhodes-juice-100-litchi-1-x-200ml_360.jpeg,https://shopsefalana.com/rhodes-juice-100-litchi-1-x-200ml,Fruit Juices (Sefalana),shopsefalana.com,2026-10-08T04:27:16+00:00,C:\Users\Kudzanai\Documents\2026\Eatouts\Alcohol Database\beverage_images\RHODES-Juice-100-Litchi-200Ml.jpeg
RHODES Juice 100% Litchi 200Ml x 6,6x200ml,P43.99,https://shopsefalana.com/images/thumbs/0041775_rhodes-juice-100-litchi-6-x-200ml_360.jpeg,https://shopsefalana.com/rhodes-juice-100-litchi-6-x-200ml-3,Fruit Juices (Sefalana),shopsefalana.com,2026-10-08T04:27:16+00:00,C:\Users\Kudzanai\Documents\2026\Eatouts\Alcohol Database\beverage_images\RHODES-Juice-100-Litchi-200Ml-x-6.jpeg
RHODES Juice 100% Mango,,P25.99,https://shopsefalana.com/images/thumbs/0041777_rhodes-juice-100-mango-1-x-1lt_360.jpeg,https://shopsefalana.com/rhodes-juice-100-mango-1-x-1lt,Fruit Juices (Sefalana),shopsefalana.com,2026-10-08T04:27:16+00:00,C:\Users\Kudzanai\Documents\2026\Eatouts\Alcohol Database\beverage_images\RHODES-Juice-100-Mango.jpeg
RHODES Juice 100% Mango 200Ml,200ml,P8.99,https://www.shopsefalana.com/images/thumbs/0041779_rhodes-juice-100-mango-1-x-200ml_360.jpeg,https://shopsefalana.com/rhodes-juice-100-mango-1-x-200ml,Fruit Juices (Sefalana),shopsefalana.com,2026-10-08T04:27:16+00:00,C:\Users\Kudzanai\Documents\2026\Eatouts\Alcohol Database\beverage_images\RHODES-Juice-100-Mango-200Ml.jpeg
RHODES Juice 100% Mango 200Ml x 6,6x200ml,P43.99,https://shopsefalana.com/images/thumbs/0041780_rhodes-juice-100-mango-6-x-200ml_360.jpeg,https://shopsefalana.com/rhodes-juice-100-mango-6-x-200ml-3,Fruit Juices (Sefalana),shopsefalana.com,2026-10-08T04:27:16+00:00,C:\Users\Kudzanai\Documents\2026\Eatouts\Alcohol Database\beverage_images\RHODES-Juice-100-Mango-200Ml-x-6.jpeg
RHODES Juice 100% Mango 200Ml x 24,24x200ml,P189.99,https://shopsefalana.com/images/thumbs/0041781_rhodes-juice-100-mango-24-x-200ml_360.jpeg,https://shopsefalana.com/rhodes-juice-100-mango-24-x-200ml,Fruit Juices (Sefalana),shopsefalana.com,2026-10-08T04:27:16+00:00,C:\Users\Kudzanai\Documents\2026\Eatouts\Alcohol Database\beverage_images\RHODES-Juice-100-Mango-200Ml-x-24.jpeg
RHODES Juice 100% Mango Orange,,P25.99,https://shopsefalana.com/images/thumbs/0016109_rhodes-juice-100-mango-orange-1-x-1l_360.jpeg,https://shopsefalana.com/rhodes-juice-100-mango-orange-1-x-1l,Fruit Juices (Sefalana),shopsefalana.com,2026-10-08T04:27:29+00:00,C:\Users\Kudzanai\Documents\2026\Eatouts\Alcohol Database\beverage_images\RHODES-Juice-100-Mango-Orange.jpeg
RHODES Juice 100% Mango Orange 200Ml,200ml,P9.99,https://www.shopsefalana.com/images/thumbs/0016111_rhodes-juice-100-mango-orange-1-x-200ml_360.jpeg,https://shopsefalana.com/rhodes-juice-100-mango-orange-1-x-200ml,Fruit Juices (Sefalana),shopsefalana.com,2026-10-08T04:27:29+00:00,C:\Users\Kudzanai\Documents\2026\Eatouts\Alcohol Database\beverage_images\RHODES-Juice-100-Mango-Orange-200Ml.jpeg
RHODES Juice 100% Mango Orange 200Ml x 6,6x200ml,P54.99,https://shopsefalana.com/images/thumbs/0016112_rhodes-juice-100-mango-orange-6-x-200ml_360.jpeg,https://shopsefalana.com/rhodes-juice-100-mango-orange-6-x-200ml,Fruit Juices (Sefalana),shopsefalana.com,2026-10-08T04:27:29+00:00,C:\Users\Kudzanai\Documents\2026\Eatouts\Alcohol Database\beverage_images\RHODES-Juice-100-Mango-Orange-200Ml-x-6.jpeg
RHODES Juice 100% Orange,,P25.99,https://shopsefalana.com/images/thumbs/0041788_rhodes-juice-100-orange-1-x-1lt_360.jpeg,https://shopsefalana.com/rhodes-juice-100-orange-1-x-1lt,Fruit Juices (Sefalana),shopsefalana.com,2026-10-08T04:27:29+00:00,C:\Users\Kudzanai\Documents\2026\Eatouts\Alcohol Database\beverage_images\RHODES-Juice-100-Orange.jpeg
RHODES Juice 100% Orange 200Ml,200ml,P8.99,https://www.shopsefalana.com/images/thumbs/0041790_rhodes-juice-100-orange-1-x-200ml_360.jpeg,https://shopsefalana.com/rhodes-juice-100-orange-1-x-200ml,Fruit Juices (Sefalana),shopsefalana.com,2026-10-08T04:27:29+00:00,C:\Users\Kudzanai\Documents\2026\Eatouts\Alcohol Database\beverage_images\RHODES-Juice-100-Orange-200Ml.jpeg
RHODES Juice 100% Orange 200Ml x 6,6x200ml,P43.99,https://shopsefalana.com/images/thumbs/0041791_rhodes-juice-100-orange-6-x-200ml_360.jpeg,https://shopsefalana.com/rhodes-juice-100-orange-6-x-200ml-3,Fruit Juices (Sefalana),shopsefalana.com,2026-10-08T04:27:29+00:00,C:\Users\Kudzanai\Documents\2026\Eatouts\Alcohol Database\beverage_images\RHODES-Juice-100-Orange-200Ml-x-6.jpeg
RHODES Juice 100% Orange 200Ml x 24,24x200ml,P189.99,https://shopsefalana.com/images/thumbs/0041792_rhodes-juice-100-orange-24-x-200ml_360.jpeg,https://shopsefalana.com/rhodes-juice-100-orange-24-x-200ml,Fruit Juices (Sefalana),shopsefalana.com,2026-10-08T04:27:29+00:00,C:\Users\Kudzanai\Documents\2026\Eatouts\Alcohol Database\beverage_images\RHODES-Juice-100-Orange-200Ml-x-24.jpeg
RHODES Juice 100% Peach,,P25.99,https://shopsefalana.com/images/thumbs/0041796_rhodes-juice-100-peach-1-x-1lt_360.jpeg,https://shopsefalana.com/rhodes-juice-100-peach-1-x-1lt,Fruit Juices (Sefalana),shopsefalana.com,2026-10-08T04:27:29+00:00,C:\Users\Kudzanai\Documents\2026\Eatouts\Alcohol Database\beverage_images\RHODES-Juice-100-Peach.jpeg
RHODES Juice 100% Pineapple,,P25.99,https://shopsefalana.com/images/thumbs/0041799_rhodes-juice-100-pineapple-1-x-1lt_360.jpeg,https://shopsefalana.com/rhodes-juice-100-pineapple-1-x-1lt,Fruit Juices (Sefalana),shopsefalana.com,2026-10-08T04:27:29+00:00,C:\Users\Kudzanai\Documents\2026\Eatouts\Alcohol Database\beverage_images\RHODES-Juice-100-Pineapple.jpeg
RHODES Juice 100% Pineapple 200Ml,200ml,P8.99,https://www.shopsefalana.com/images/thumbs/0041801_rhodes-juice-100-pineapple-1-x-200ml_360.jpeg,https://shopsefalana.com/rhodes-juice-100-pineapple-1-x-200ml,Fruit Juices (Sefalana),shopsefalana.com,2026-10-08T04:27:29+00:00,C:\Users\Kudzanai\Documents\2026\Eatouts\Alcohol Database\beverage_images\RHODES-Juice-100-Pineapple-200Ml.jpeg
RHODES Juice 100% Pineapple 200Ml x 6,6x200ml,P43.99,https://shopsefalana.com/images/thumbs/0041802_rhodes-juice-100-pineapple-6-x-200ml_360.jpeg,https://shopsefalana.com/rhodes-juice-100-pineapple-6-x-200ml-3,Fruit Juices (Sefalana),shopsefalana.com,2026-10-08T04:27:29+00:00,C:\Users\Kudzanai\Documents\2026\Eatouts\Alcohol Database\beverage_images\RHODES-Juice-100-Pineapple-200Ml-x-6.jpeg
RHODES Juice 100% Red Grape,,P25.99,https://shopsefalana.com/images/thumbs/0041807_rhodes-juice-100-red-grape-1-x-1lt_360.jpeg,https://shopsefalana.com/rhodes-juice-100-red-grape-1-x-1lt,Fruit Juices (Sefalana),shopsefalana.com,2026-10-08T04:27:29+00:00,C:\Users\Kudzanai\Documents\2026\Eatouts\Alcohol Database\beverage_images\RHODES-Juice-100-Red-Grape.jpeg
RHODES Juice 100% Red Grape x 6,,P179.99,https://shopsefalana.com/images/thumbs/0041808_rhodes-juice-100-red-grape-6-x-1lt_360.jpeg,https://shopsefalana.com/rhodes-juice-100-red-grape-6-x-1lt,Fruit Juices (Sefalana),shopsefalana.com,2026-10-08T04:27:29+00:00,C:\Users\Kudzanai\Documents\2026\Eatouts\Alcohol Database\beverage_images\RHODES-Juice-100-Red-Grape-x-6.jpeg
RHODES Juice 100% Red Grape 200Ml,200ml,P8.99,https://www.shopsefalana.com/images/thumbs/0041809_rhodes-juice-100-red-grape-1-x-200ml_360.jpeg,https://shopsefalana.com/rhodes-juice-100-red-grape-1-x-200ml,Fruit Juices (Sefalana),shopsefalana.com,2026-10-08T04:27:29+00:00,C:\Users\Kudzanai\Documents\2026\Eatouts\Alcohol Database\beverage_images\RHODES-Juice-100-Red-Grape-200Ml.jpeg
RHODES Juice 100% Red Grape 200Ml x 6,6x200ml,P43.99,https://shopsefalana.com/images/thumbs/0041810_rhodes-juice-100-red-grape-6-x-200ml_360.jpeg,https://shopsefalana.com/rhodes-juice-100-red-grape-6-x-200ml-3,Fruit Juices (Sefalana),shopsefalana.com,2026-10-08T04:27:29+00:00,C:\Users\Kudzanai\Documents\2026\Eatouts\Alcohol Database\beverage_images\RHODES-Juice-100-Red-Grape-200Ml-x-6.jpeg
RHODES Juice 100% Stawberry Banana,,P25.99,https://shopsefalana.com/images/thumbs/0041812_rhodes-juice-100-stawberry-banana-1-x-1lt_360.jpeg,https://shopsefalana.com/rhodes-juice-100-stawberry-banana-1-x-1lt,Fruit Juices (Sefalana),shopsefalana.com,2026-10-08T04:27:29+00:00,C:\Users\Kudzanai\Documents\2026\Eatouts\Alcohol Database\beverage_images\RHODES-Juice-100-Stawberry-Banana.jpeg
RHODES Juice 100% Stawberry Banana 200Ml,200ml,P8.99,https://www.shopsefalana.com/images/thumbs/0041814_rhodes-juice-100-stawberry-banana-1-x-200ml_360.jpeg,https://shopsefalana.com/rhodes-juice-100-stawberry-banana-1-x-200ml,Fruit Juices (Sefalana),shopsefalana.com,2026-10-08T04:27:29+00:00,C:\Users\Kudzanai\Documents\2026\Eatouts\Alcohol Database\beverage_images\RHODES-Juice-100-Stawberry-Banana-200Ml.jpeg
RHODES Juice 100% Stawberry Banana 200Ml x 6,6x200ml,P43.99,https://shopsefalana.com/images/thumbs/0041815_rhodes-juice-100-stawberry-banana-6-x-200ml_360.jpeg,https://shopsefalana.com/rhodes-juice-100-stawberry-banana-6-x-200ml,Fruit Juices (Sefalana),shopsefalana.com,2026-10-08T04:27:29+00:00,C:\Users\Kudzanai\Documents\2026\Eatouts\Alcohol Database\beverage_images\RHODES-Juice-100-Stawberry-Banana-200Ml-x-6.jpeg
RHODES Juice 100% Stawberry Banana 200Ml x 24,24x200ml,P189.99,https://shopsefalana.com/images/thumbs/0041816_rhodes-juice-100-stawberry-banana-24-x-200ml_360.jpeg,https://shopsefalana.com/rhodes-juice-100-stawberry-banana-24-x-200ml,Fruit Juices (Sefalana),shopsefalana.com,2026-10-08T04:27:29+00:00,C:\Users\Kudzanai\Documents\2026\Eatouts\Alcohol Database\beverage_images\RHODES-Juice-100-Stawberry-Banana-200Ml-x-24.jpeg
RHODES Juice 100% Tropical,,P25.99,https://shopsefalana.com/images/thumbs/0041817_rhodes-juice-100-tropical-1-x-1lt_360.jpeg,https://shopsefalana.com/rhodes-juice-100-tropical-1-x-1lt,Fruit Juices (Sefalana),shopsefalana.com,2026-10-08T04:27:29+00:00,C:\Users\Kudzanai\Documents\2026\Eatouts\Alcohol Database\beverage_images\RHODES-Juice-100-Tropical.jpeg
RHODES Juice 100% Tropical 200Ml,200ml,P8.99,https://www.shopsefalana.com/images/thumbs/0041819_rhodes-juice-100-tropical-1-x-200ml_360.jpeg,https://shopsefalana.com/rhodes-juice-100-tropical-1-x-200ml,Fruit Juices (Sefalana),shopsefalana.com,2026-10-08T04:27:42+00:00,C:\Users\Kudzanai\Documents\2026\Eatouts\Alcohol Database\beverage_images\RHODES-Juice-100-Tropical-200Ml.jpeg
RHODES Juice 100% Tropical 200Ml x 6,6x200ml,P43.99,https://www.shopsefalana.com/images/thumbs/0041820_rhodes-juice-100-tropical-6-x-200ml_360.jpeg,https://shopsefalana.com/rhodes-juice-100-tropical-6-x-200ml-3,Fruit Juices (Sefalana),shopsefalana.com,2026-10-08T04:27:42+00:00,C:\Users\Kudzanai\Documents\2026\Eatouts\Alcohol Database\beverage_images\RHODES-Juice-100-Tropical-200Ml-x-6.jpeg
RHODES Juice Fruit Nectar Apple 200Ml x 6,6x200ml,P33.99,https://www.shopsefalana.com/images/thumbs/0049548_rhodes-juice-fruit-nectar-apple-200ml-x-6_360.webp,https://shopsefalana.com/rhodes-juice-fruit-nectar-apple-200ml-x-6,Fruit Juices (Sefalana),shopsefalana.com,2026-10-08T04:27:42+00:00,C:\Users\Kudzanai\Documents\2026\Eatouts\Alcohol Database\beverage_images\RHODES-Juice-Fruit-Nectar-Apple-200Ml-x-6.webp
RHODES Juice Fruit Nectar Tropical 200Ml x 6,6x200ml,P33.99,https://www.shopsefalana.com/images/thumbs/0049047_rhodes-juice-fruit-nectar-tropical-200ml-x-6_360.png,https://shopsefalana.com/rhodes-juice-fruit-nectar-tropical-200ml-x-6,Fruit Juices (Sefalana),shopsefalana.com,2026-10-08T04:27:42+00:00,C:\Users\Kudzanai\Documents\2026\Eatouts\Alcohol Database\beverage_images\RHODES-Juice-Fruit-Nectar-Tropical-200Ml-x-6.png
RHODES Juice Fruit Nectar Orange 2L,2l,P34.99,https://www.shopsefalana.com/images/thumbs/0049550_rhodes-juice-fruit-nectar-orange-2l_360.png,https://shopsefalana.com/rhodes-juice-fruit-nectar-orange-2l,Fruit Juices (Sefalana),shopsefalana.com,2026-10-08T04:27:42+00:00,C:\Users\Kudzanai\Documents\2026\Eatouts\Alcohol Database\beverage_images\RHODES-Juice-Fruit-Nectar-Orange-2L.png
RHODES Juice Fruit Nectar Red Grape 2L,2l,P34.99,https://www.shopsefalana.com/images/thumbs/0049551_rhodes-juice-fruit-nectar-red-grape-2l_360.png,https://shopsefalana.com/rhodes-juice-fruit-nectar-red-grape-2l,Fruit Juices (Sefalana),shopsefalana.com,2026-10-08T04:27:42+00:00,C:\Users\Kudzanai\Documents\2026\Eatouts\Alcohol Database\beverage_images\RHODES-Juice-Fruit-Nectar-Red-Grape-2L.png
RHODES Juice Fruit Nectar Tropical,,P19.99,https://www.shopsefalana.com/images/thumbs/0049046_rhodes-juice-fruit-nectar-tropical_360.png,https://shopsefalana.com/rhodes-juice-fruit-nectar-tropical-l-5,Fruit Juices (Sefalana),shopsefalana.com,2026-10-08T04:27:42+00:00,C:\Users\Kudzanai\Documents\2026\Eatouts\Alcohol Database\beverage_images\RHODES-Juice-Fruit-Nectar-Tropical.png
RHODES Juice Fruit Nectar Tropical 2L,2l,P34.99,https://www.shopsefalana.com/images/thumbs/0049549_rhodes-juice-fruit-nectar-tropical-2l_360.jpeg,https://shopsefalana.com/rhodes-juice-fruit-nectar-tropical-2l-2,Fruit Juices (Sefalana),shopsefalana.com,2026-10-08T04:27:42+00:00,C:\Users\Kudzanai\Documents\2026\Eatouts\Alcohol Database\beverage_images\RHODES-Juice-Fruit-Nectar-Tropical-2L.jpeg
RUGANI Juice 100% Beetroot 330Ml,330ml,P20.99,https://shopsefalana.com/images/thumbs/0030178_rugani-juice-100-beetroot-1-x-330ml_360.jpeg,https://shopsefalana.com/rugani-juice-100-beetroot-1-x-330ml,Fruit Juices (Sefalana),shopsefalana.com,2026-10-08T04:27:42+00:00,C:\Users\Kudzanai\Documents\2026\Eatouts\Alcohol Database\beverage_images\RUGANI-Juice-100-Beetroot-330Ml.jpeg
RUGANI Juice 100% Beetroot 750Ml,750ml,P44.29,https://shopsefalana.com/images/thumbs/0030179_rugani-juice-100-beetroot-1-x-750ml_360.jpeg,https://shopsefalana.com/rugani-juice-100-beetroot-1-x-750ml,Fruit Juices (Sefalana),shopsefalana.com,2026-10-08T04:27:42+00:00,C:\Users\Kudzanai\Documents\2026\Eatouts\Alcohol Database\beverage_images\RUGANI-Juice-100-Beetroot-750Ml.jpeg
RUGANI Juice 100% Carrot 330Ml,330ml,P21.99,https://shopsefalana.com/images/thumbs/0030185_rugani-juice-100-carrot-1-x-330ml_360.jpeg,https://shopsefalana.com/rugani-juice-100-carrot-1-x-330ml,Fruit Juices (Sefalana),shopsefalana.com,2026-10-08T04:27:42+00:00,C:\Users\Kudzanai\Documents\2026\Eatouts\Alcohol Database\beverage_images\RUGANI-Juice-100-Carrot-330Ml.jpeg
RUGANI Juice 100% Carrot 750Ml,750ml,P41.99,https://shopsefalana.com/images/thumbs/0030186_rugani-juice-100-carrot-1-x-750ml_360.jpeg,https://shopsefalana.com/rugani-juice-100-carrot-1-x-750ml,Fruit Juices (Sefalana),shopsefalana.com,2026-10-08T04:27:42+00:00,C:\Users\Kudzanai\Documents\2026\Eatouts\Alcohol Database\beverage_images\RUGANI-Juice-100-Carrot-750Ml.jpeg
RUGANI Juice 100% Carrot & Pineapple 330Ml,330ml,P21.99,https://shopsefalana.com/images/thumbs/0030187_rugani-juice-100-carrot-pineapple-1-x-330ml_360.jpeg,https://shopsefalana.com/rugani-juice-100-carrot-pineapple-1-x-330ml,Fruit Juices (Sefalana),shopsefalana.com,2026-10-08T04:27:42+00:00,C:\Users\Kudzanai\Documents\2026\Eatouts\Alcohol Database\beverage_images\RUGANI-Juice-100-Carrot-Pineapple-330Ml.jpeg
RUGANI Juice 100% Carrot & Pineapple 750Ml,750ml,P41.99,https://shopsefalana.com/images/thumbs/0030188_rugani-juice-100-carrot-pineapple-1-x-750ml_360.jpeg,https://shopsefalana.com/rugani-juice-100-carrot-pineapple-1-x-750ml,Fruit Juices (Sefalana),shopsefalana.com,2026-10-08T04:27:42+00:00,C:\Users\Kudzanai\Documents\2026\Eatouts\Alcohol Database\beverage_images\RUGANI-Juice-100-Carrot-Pineapple-750Ml.jpeg
RUGANI Juice 100% Carrot Ginger Infused 330Ml,330ml,P18.99,https://shopsefalana.com/images/thumbs/0030189_rugani-juice-100-carrot-ginger-infused-1-x-330ml_360.jpeg,https://shopsefalana.com/rugani-juice-100-carrot-ginger-infused-1-x-330ml,Fruit Juices (Sefalana),shopsefalana.com,2026-10-08T04:27:42+00:00,C:\Users\Kudzanai\Documents\2026\Eatouts\Alcohol Database\beverage_images\RUGANI-Juice-100-Carrot-Ginger-Infused-330Ml.jpeg
RUGANI Juice 100% Carrot Ginger Infused 750Ml,750ml,P36.99,https://shopsefalana.com/images/thumbs/0030190_rugani-juice-100-carrot-ginger-infused-1-x-750ml_360.jpeg,https://shopsefalana.com/rugani-juice-100-carrot-ginger-infused-1-x-750ml,Fruit Juices (Sefalana),shopsefalana.com,2026-10-08T04:27:42+00:00,C:\Users\Kudzanai\Documents\2026\Eatouts\Alcohol Database\beverage_images\RUGANI-Juice-100-Carrot-Ginger-Infused-750Ml.jpeg
RUGANI Juice 100% Pineapple Queen 330Ml,330ml,P21.99,https://shopsefalana.com/images/thumbs/0030191_rugani-juice-100-pineapple-queen-1-x-330ml_360.jpeg,https://shopsefalana.com/rugani-juice-100-pineapple-queen-1-x-330ml,Fruit Juices (Sefalana),shopsefalana.com,2026-10-08T04:27:42+00:00,C:\Users\Kudzanai\Documents\2026\Eatouts\Alcohol Database\beverage_images\RUGANI-Juice-100-Pineapple-Queen-330Ml.jpeg
RUGANI Juice 100% Pineapple Queen 750Ml,750ml,P47.99,https://shopsefalana.com/images/thumbs/0030192_rugani-juice-100-pineapple-queen-1-x-750ml_360.jpeg,https://shopsefalana.com/rugani-juice-100-pineapple-queen-1-x-750ml,Fruit Juices (Sefalana),shopsefalana.com,2026-10-08T04:27:42+00:00,C:\Users\Kudzanai\Documents\2026\Eatouts\Alcohol Database\beverage_images\RUGANI-Juice-100-Pineapple-Queen-750Ml.jpeg
TROPIKA Dairy Blend Mango Peach 2L,2l,P34.99,https://www.shopsefalana.com/images/thumbs/0049067_tropika-dairy-blend-mango-peach-2l_360.png,https://shopsefalana.com/tropika-dairy-blend-mango-peach-1-x-2l,Fruit Juices (Sefalana),shopsefalana.com,2026-10-08T04:27:42+00:00,C:\Users\Kudzanai\Documents\2026\Eatouts\Alcohol Database\beverage_images\TROPIKA-Dairy-Blend-Mango-Peach-2L.png
TROPIKA Dairy Blend Mango Peach 500Ml,500ml,P13.99,https://shopsefalana.com/images/thumbs/0049068_tropika-dairy-blend-mango-peach-500ml_360.png,https://shopsefalana.com/tropika-dairy-blend-mango-peach-1-x-500ml,Fruit Juices (Sefalana),shopsefalana.com,2026-10-08T04:27:42+00:00,C:\Users\Kudzanai\Documents\2026\Eatouts\Alcohol Database\beverage_images\TROPIKA-Dairy-Blend-Mango-Peach-500Ml.png
TROPIKA Dairy Blend Mango Peach 500Ml x 10,10x500ml,P129.99,https://shopsefalana.com/images/thumbs/0049069_tropika-dairy-blend-mango-peach-500ml-x-10_360.png,https://shopsefalana.com/tropika-dairy-blend-mango-peach-10-x-500ml,Fruit Juices (Sefalana),shopsefalana.com,2026-10-08T04:27:55+00:00,C:\Users\Kudzanai\Documents\2026\Eatouts\Alcohol Database\beverage_images\TROPIKA-Dairy-Blend-Mango-Peach-500Ml-x-10.png
TROPIKA Dairy Blend Mango Peach 330Ml,330ml,P13.99,https://shopsefalana.com/images/thumbs/0045420_tropika-dairy-blend-mango-peach-1-x-330ml_360.jpeg,https://shopsefalana.com/tropika-dairy-blend-mango-peach-1-x-330ml-2,Fruit Juices (Sefalana),shopsefalana.com,2026-10-08T04:27:55+00:00,C:\Users\Kudzanai\Documents\2026\Eatouts\Alcohol Database\beverage_images\TROPIKA-Dairy-Blend-Mango-Peach-330Ml.jpeg
TROPIKA EASY Dairy Blend UHT Mango Peach 200Ml,200ml,P6.99,https://shopsefalana.com/images/thumbs/0045411_tropika-easy-dairy-blend-uht-mango-peach-1-x-200ml_360.jpeg,https://shopsefalana.com/tropika-easy-dairy-blend-uht-mango-peach-1-x-200ml,Fruit Juices (Sefalana),shopsefalana.com,2026-10-08T04:27:55+00:00,C:\Users\Kudzanai\Documents\2026\Eatouts\Alcohol Database\beverage_images\TROPIKA-EASY-Dairy-Blend-UHT-Mango-Peach-200Ml.jpeg
TROPIKA EASY Dairy Blend UHT Mango Peach 200Ml x 6,6x200ml,P37.99,https://shopsefalana.com/images/thumbs/0045412_tropika-easy-dairy-blend-uht-mango-peach-200ml-x-6_360.jpeg,https://shopsefalana.com/tropika-easy-dairy-blend-uht-mango-peach-6-x-200ml,Fruit Juices (Sefalana),shopsefalana.com,2026-10-08T04:27:55+00:00,C:\Users\Kudzanai\Documents\2026\Eatouts\Alcohol Database\beverage_images\TROPIKA-EASY-Dairy-Blend-UHT-Mango-Peach-200Ml-x-6.jpeg
TROPIKA EASY Dairy Blend UHT Mango Peach 200Ml x 24,24x200ml,P147.99,https://shopsefalana.com/images/thumbs/0045413_tropika-easy-dairy-blend-uht-mango-peach-200ml-x-24_360.jpeg,https://shopsefalana.com/tropika-easy-dairy-blend-uht-mango-peach-24-x-200ml,Fruit Juices (Sefalana),shopsefalana.com,2026-10-08T04:27:55+00:00,C:\Users\Kudzanai\Documents\2026\Eatouts\Alcohol Database\beverage_images\TROPIKA-EASY-Dairy-Blend-UHT-Mango-Peach-200Ml-x-24.jpeg
TROPIKA EASY Dairy Blend UHT Orange 200Ml,200ml,P6.99,https://shopsefalana.com/images/thumbs/0040362_tropika-easy-dairy-blend-uht-orange-1-x-200ml_360.jpeg,https://shopsefalana.com/tropika-easy-dairy-blend-uht-orange-1-x-200ml,Fruit Juices (Sefalana),shopsefalana.com,2026-10-08T04:27:55+00:00,C:\Users\Kudzanai\Documents\2026\Eatouts\Alcohol Database\beverage_images\TROPIKA-EASY-Dairy-Blend-UHT-Orange-200Ml.jpeg
TROPIKA EASY Dairy Blend UHT Orange 200Ml x 6,6x200ml,P37.99,https://shopsefalana.com/images/thumbs/0040363_tropika-easy-dairy-blend-uht-orange-6-x-200ml_360.jpeg,https://shopsefalana.com/tropika-easy-dairy-blend-uht-orange-6-x-200ml,Fruit Juices (Sefalana),shopsefalana.com,2026-10-08T04:27:55+00:00,C:\Users\Kudzanai\Documents\2026\Eatouts\Alcohol Database\beverage_images\TROPIKA-EASY-Dairy-Blend-UHT-Orange-200Ml-x-6.jpeg
TROPIKA EASY Dairy Blend UHT Orange 200Ml x 24,24x200ml,P147.99,https://shopsefalana.com/images/thumbs/0040364_tropika-easy-dairy-blend-uht-orange-24-x-200ml_360.jpeg,https://shopsefalana.com/tropika-easy-dairy-blend-uht-orange-24-x-200ml,Fruit Juices (Sefalana),shopsefalana.com,2026-10-08T04:27:55+00:00,C:\Users\Kudzanai\Documents\2026\Eatouts\Alcohol Database\beverage_images\TROPIKA-EASY-Dairy-Blend-UHT-Orange-200Ml-x-24.jpeg
TROPIKA EASY Dairy Blend UHT Pineapple 200Ml,200ml,P6.99,https://shopsefalana.com/images/thumbs/0045414_tropika-easy-dairy-blend-uht-pineapple-1-x-200ml_360.jpeg,https://shopsefalana.com/tropika-easy-dairy-blend-uht-pineapple-1-x-200ml,Fruit Juices (Sefalana),shopsefalana.com,2026-10-08T04:27:55+00:00,C:\Users\Kudzanai\Documents\2026\Eatouts\Alcohol Database\beverage_images\TROPIKA-EASY-Dairy-Blend-UHT-Pineapple-200Ml.jpeg
TROPIKA EASY Dairy Blend UHT Pineapple 200Ml x 6,6x200ml,P37.99,https://shopsefalana.com/images/thumbs/0045415_tropika-easy-dairy-blend-uht-pineapple-6-x-200ml_360.jpeg,https://shopsefalana.com/tropika-easy-dairy-blend-uht-pineapple-6-x-200ml,Fruit Juices (Sefalana),shopsefalana.com,2026-10-08T04:27:55+00:00,C:\Users\Kudzanai\Documents\2026\Eatouts\Alcohol Database\beverage_images\TROPIKA-EASY-Dairy-Blend-UHT-Pineapple-200Ml-x-6.jpeg
TROPIKA EASY Dairy Blend UHT Pineapple 200Ml x 24,24x200ml,P147.99,https://shopsefalana.com/images/thumbs/0045416_tropika-easy-dairy-blend-uht-pineapple-24-x-200ml_360.jpeg,https://shopsefalana.com/tropika-easy-dairy-blend-uht-pineapple-24-x-200ml,Fruit Juices (Sefalana),shopsefalana.com,2026-10-08T04:27:55+00:00,C:\Users\Kudzanai\Documents\2026\Eatouts\Alcohol Database\beverage_images\TROPIKA-EASY-Dairy-Blend-UHT-Pineapple-200Ml-x-24.jpeg
TROPIKA EASY Dairy Blend UHT Tropical 200Ml,200ml,P6.99,https://shopsefalana.com/images/thumbs/0045417_tropika-easy-dairy-blend-uht-tropical-1-x-200ml_360.jpeg,https://shopsefalana.com/tropika-easy-dairy-blend-uht-tropical-1-x-200ml,Fruit Juices (Sefalana),shopsefalana.com,2026-10-08T04:27:55+00:00,C:\Users\Kudzanai\Documents\2026\Eatouts\Alcohol Database\beverage_images\TROPIKA-EASY-Dairy-Blend-UHT-Tropical-200Ml.jpeg
TROPIKA EASY Dairy Blend UHT Tropical 200Ml x 6,6x200ml,P37.99,https://shopsefalana.com/images/thumbs/0045418_tropika-easy-dairy-blend-uht-tropical-6-x-200ml_360.jpeg,https://shopsefalana.com/tropika-easy-dairy-blend-uht-tropical-6-x-200ml,Fruit Juices (Sefalana),shopsefalana.com,2026-10-08T04:27:55+00:00,C:\Users\Kudzanai\Documents\2026\Eatouts\Alcohol Database\beverage_images\TROPIKA-EASY-Dairy-Blend-UHT-Tropical-200Ml-x-6.jpeg
TRU LEM Juice 100% 500Ml,500ml,P23.99,https://shopsefalana.com/images/thumbs/0048983_tru-lem-juice-100-500ml_360.png,https://shopsefalana.com/tru-lem-juice-100-1-x-500ml,Fruit Juices (Sefalana),shopsefalana.com,2026-10-08T04:27:55+00:00,C:\Users\Kudzanai\Documents\2026\Eatouts\Alcohol Database\beverage_images\TRU-LEM-Juice-100-500Ml.png
TRU LEM Juice 100% Tru Lem 2Lt,2l,P55.99,https://shopsefalana.com/images/thumbs/0048982_tru-lem-juice-100-tru-lem-2lt_360.png,https://shopsefalana.com/juice-100-tru-lem-1-x-2lt,Fruit Juices (Sefalana),shopsefalana.com,2026-10-08T04:27:55+00:00,C:\Users\Kudzanai\Documents\2026\Eatouts\Alcohol Database\beverage_images\TRU-LEM-Juice-100-Tru-Lem-2Lt.png
VITA JUICE Dairy Blend Cocopine 500Ml x 12,12x500ml,P121.99,https://shopsefalana.com/images/thumbs/0049080_vita-juice-dairy-blend-cocopine-500ml-x-12_360.png,https://shopsefalana.com/vita-juice-vita-juice-dairy-blends-cocopine-ml-x-12,Fruit Juices (Sefalana),shopsefalana.com,2026-10-08T04:27:55+00:00,C:\Users\Kudzanai\Documents\2026\Eatouts\Alcohol Database\beverage_images\VITA-JUICE-Dairy-Blend-Cocopine-500Ml-x-12.png
VITA JUICE Dairy Blend Tropical 500Ml,500ml,P13.99,https://shopsefalana.com/images/thumbs/0049084_vita-juice-dairy-blend-tropical-500ml_360.png,https://shopsefalana.com/vita-juice-vita-juice-dairy-blends-tropical-ml,Fruit Juices (Sefalana),shopsefalana.com,2026-10-08T04:27:55+00:00,C:\Users\Kudzanai\Documents\2026\Eatouts\Alcohol Database\beverage_images\VITA-JUICE-Dairy-Blend-Tropical-500Ml.png
VITA JUICE Dairy Blend Tropical 500Ml x 12,12x500ml,P121.99,https://shopsefalana.com/images/thumbs/0049083_vita-juice-dairy-blend-tropical-500ml-x-12_360.png,https://shopsefalana.com/vita-juice-vita-juice-dairy-blends-tropical-ml-x-12,Fruit Juices (Sefalana),shopsefalana.com,2026-10-08T04:27:55+00:00,C:\Users\Kudzanai\Documents\2026\Eatouts\Alcohol Database\beverage_images\VITA-JUICE-Dairy-Blend-Tropical-500Ml-x-12.png
FANTA ORANGE 2LT,,P19.99,https://0e9888e15ff120042f30-8afe6499593a0c0cd36f211a1ceb9ca5.ssl.cf1.rackcdn.com/38907.png,https://echoppies.com/product_detail.php?pdt=fanta-orange-2lt&cat=m_beverages&subcat=s_cold-drinks&botcat=b_fizzy-drink,Fizzy Drinks,echoppies.com,2026-10-08T03:39:16+00:00,C:\Users\Kudzanai\Documents\2026\Eatouts\Alcohol Database\beverage_images\FANTA-ORANGE-2LT.png
SPRITE 2LT,,P19.99,https://0e9888e15ff120042f30-8afe6499593a0c0cd36f211a1ceb9ca5.ssl.cf1.rackcdn.com/38909.png,https://echoppies.com/product_detail.php?pdt=sprite-2lt,Fizzy Drinks,echoppies.com,2026-10-08T03:39:16+00:00,C:\Users\Kudzanai\Documents\2026\Eatouts\Alcohol Database\beverage_images\SPRITE-2LT.png
