page,category,name,price,description,image_url
food_menu,STARTERS,Pizza Fries,P75,"Crispy strips of deep-fried pizza dough, golden on the outside and fluffy inside, dusted with Italian herbs and parmesan. Served with a dipping sauce of your choice.",https://zencafe.co.bw/menu/starters/pizza-fries-01.jpg
food_menu,STARTERS,Tempura Chicken,P85,"Crispy, golden chicken strips in a light tempura batter, served with a tangy dipping sauce.",https://zencafe.co.bw/menu/starters/tempura-chicken-01.jpg
food_menu,STARTERS,Tempura Shrimps,P85,"Crispy, golden shrimp strips in a light tempura batter, served with a tangy dipping sauce.",https://zencafe.co.bw/menu/starters/tempura-shrimps-01.jpg
food_menu,STARTERS,Pan Seared / Fried Calamari,P90,"Tender calamari rings seared to perfection with garlic and herbs, offering a smoky flavor and a delicate bite.",https://zencafe.co.bw/menu/starters/pan-seared-fried-calamari-01.jpg
food_menu,STARTERS,Mac & Cheese,P155,"Rich and velvety mac and cheese topped with crispy pepper-seasoned crumbled chicken, served with golden fries. With any sauce of your choice.",https://zencafe.co.bw/menu/starters/mac-and-cheese-01.jpg
food_menu,STARTERS,Lebanese Chicken Kebab with Flatbread & Yoghurt Sauce,P150,"Tender marinated chicken breast or thigh grilled in a fragrant blend of herbs, spices, and fresh vegetables. Served with warm flatbread and a refreshing minted yogurt sauce.",https://zencafe.co.bw/menu/starters/lebanese-chicken-kebab-with-flatbread-and-yoghurt-sauce-01.jpg
food_menu,STARTERS,Dirty Martini Shrimp Cocktail,P150,"Perfectly chilled, tender prawns served in a crystal martini glass over crushed ice with a lemon wedge and signature house cocktail sauce.",https://zencafe.co.bw/menu/starters/dirty-martini-shrimp-cocktail-01.jpg
food_menu,STARTERS,Garlic Butter Escargot,SEASONAL PRICE,"Tender snails sautéed in fragrant garlic and herb butter, finished with white wine and fresh chives. Served hot in a rich escargot sauce.",https://zencafe.co.bw/menu/starters/garlic-butter-escargot-01.jpg
food_menu,SALADS,Classic Greek,P95,"Fresh iceberg lettuce, Greek feta, green and black olives, cucumber, mint, and oregano. Served with your choice of salad dressing.",https://zencafe.co.bw/menu/salads/classic-greek-01.jpg
food_menu,SALADS,Zen's Signature Caesar,P135,"Crisp lettuce, crispy bacon, anchovies (optional), croutons, boiled eggs, and parmesan shavings in house-made Caesar dressing.",https://zencafe.co.bw/menu/salads/zens-signature-caesar-01.jpg
food_menu,SALADS,Chicken Liver Salad,P150,"Sautéed chicken livers over a bed of mixed greens, cherry tomatoes, cucumber, red onion, and peppers. Peri-peri custom made salad dressing.",https://zencafe.co.bw/menu/salads/chicken-liver-salad-01.jpg
food_menu,SALADS,Citrus Salmon Salad,P175,"Grilled salmon on crisp greens, cucumber ribbons, cherry tomatoes, and toasted capers, drizzled with a lime vinaigrette dressing.",https://zencafe.co.bw/menu/salads/citrus-salmon-salad-01.jpg
food_menu,SALADS,Calamari Kick Salad,P175,"Crispy, tender calamari tossed over fresh greens, crisp cucumber, carrot ribbons, and juicy cherry tomatoes. Drizzled with a zesty lemon-mustard dressing.",https://zencafe.co.bw/menu/salads/calamari-kick-salad-01.jpg
food_menu,SALADS,Asian Crunch Salad,P185,"Grilled chicken on fresh greens tossed in honey-lime vinaigrette, topped with Chinese noodles and homemade peanut dressing.",https://zencafe.co.bw/menu/salads/asian-crunch-salad-01.jpg
food_menu,SALADS,Prawn & Avocado Power Bowl,P210,"4 grilled prawns with mixed greens, feta cheese, avocado, red onion, pepper cucumber. Finished with your choice of dressing.",https://zencafe.co.bw/menu/salads/prawn-and-avocado-power-bowl-01.jpg
food_menu,SUSHI & ROLLS,Maki (8pcs),P70,Nori outside roll with crab or veg filling.,https://zencafe.co.bw/menu/sushi/maki-8pcs-01.jpg
food_menu,SUSHI & ROLLS,Fotomaki (8pcs),P80,Nori outside roll with various filling.,https://zencafe.co.bw/menu/sushi/fotomaki-8pcs-01.jpg
food_menu,SUSHI & ROLLS,Hosomaki (8pcs),P90,Nori outside roll with fish filling.,https://zencafe.co.bw/menu/sushi/hosomaki-8pcs-01.jpg
food_menu,SUSHI & ROLLS,Golden Coast Roll (8pcs),P100,Uramaki with fish filling coated with panko. Deep fried.,https://zencafe.co.bw/menu/sushi/golden-coast-roll-8pcs-01.jpg
food_menu,SUSHI & ROLLS,Rainbow Roll (8pcs),P120,Uramaki filled with salmon and a pattern of avo and salmon on the outer side.,
food_menu,SUSHI & ROLLS,Cali Bombs (8pcs),FROM P80,"Uramaki with fish filling, topped with a mixture of avo, fish and in-house sauce.",
food_menu,SUSHI & ROLLS,6 Roses,P100,"Rice wrapped fish, topped with cream twist and caviar.",
food_menu,SUSHI & ROLLS,Nigiri (6pcs),FROM P90,"Rice molded by hand, topped with various kinds of fish.",
food_menu,SUSHI & ROLLS,Sashimi Mix (9pcs),P150,Fresh fish slices.,
food_menu,SUSHI & ROLLS,Tuna Tatar,P250,"250g of tuna, avo, Chinese mayo, Asian spice crisps. Served as an appetizer or a meal crafted with toast, a Chinese mayo + soy sauce, and vine ripe tomatoes when available.",
food_menu,SUSHI & ROLLS,California Roll,FROM P80,"Classic uramaki roll, choose your filling.",
food_menu,SUSHI & ROLLS,Dragon Roll,P100,"Uramaki filled with tuna, kiri cheese, topped with thinly sliced avo.",
food_menu,SUSHI & ROLLS,Tentsuyu Sauce,P20,Classic sushi dipping sauce.,
food_menu,SUSHI & ROLLS,Sweet Chilli Sauce,P20,Sushi dipping sauce.,
food_menu,SUSHI & ROLLS,Zen Mayo,P20,House sushi mayo.,
food_menu,SUSHI & ROLLS,Zest Mayo,P20,Citrus-forward house sushi mayo.,https://zencafe.co.bw/menu/sushi/zest-mayo-01.jpg
food_menu,SUSHI & ROLLS,Extra Wasabi,P15,,https://zencafe.co.bw/menu/sushi/extra-wasabi-01.jpg
food_menu,SUSHI & ROLLS,Extra Ginger,P15,,https://zencafe.co.bw/menu/sushi/extra-ginger-01.jpg
food_menu,SUSHI PLATTERS & OYSTERS,Raw Platter,P180,"3 Salmon, 3 Tuna, 3 Prawn.",https://zencafe.co.bw/menu/sushi-platters/raw-platter-01.jpg
food_menu,SUSHI PLATTERS & OYSTERS,Akari Platter (12pcs),P180,"Tuna Cali Roll, Salmon Rose, Prawn Fashion Sandwich.",https://zencafe.co.bw/menu/sushi-platters/akari-platter-12pcs-01.jpg
food_menu,SUSHI PLATTERS & OYSTERS,Inari Platter,P200,"Veg Fashion Sandwich (4pcs), Veg Fotomaki (4pcs), Veg Cali Bombs (4pcs).",https://zencafe.co.bw/menu/sushi-platters/inari-platter-01.jpg
food_menu,SUSHI PLATTERS & OYSTERS,Kiki Platter (16pcs),P250,"Dragon Roll (4pcs), Cali Bomb (4pcs), Deep Fried (4pcs), Nigiri (4pcs).",https://zencafe.co.bw/menu/sushi-platters/kiki-platter-16pcs-01.jpg
food_menu,SUSHI PLATTERS & OYSTERS,Salmon Sunrise (14pcs),P280,"Salmon Nigiri (4pcs), Salmon Sashimi (3pcs), Rainbow Roll (4pcs).",https://zencafe.co.bw/menu/sushi-platters/salmon-sunrise-14pcs-01.jpg
food_menu,SUSHI PLATTERS & OYSTERS,Satori Zen Platter (48pcs),P540,"Veg Cali Roll, Salmon Nigiri, Hosomaki, Cali Bombs, Dragon Roll, Deep Fried Salmon and Sakura Salmon Set — Zen's grand sushi tasting, built for the whole table.",https://zencafe.co.bw/menu/sushi-platters/satori-zen-platter-48pcs-01.jpg
food_menu,SUSHI PLATTERS & OYSTERS,Fresh Oysters,SEASONAL PRICE,Fresh oyster served with chimichurri and carrior. Seasonal pricing.,https://zencafe.co.bw/menu/sushi-platters/fresh-oysters-01.jpg
food_menu,PASTA,Recco Classico,P125,"A mild Indian, Italian curry infused garlic, chilli, rounded off with creamy Napolitano sauce.",https://zencafe.co.bw/menu/pasta/recco-classico-01.jpg
food_menu,PASTA,Aglio e Olio,P125,"Simple yet sensational. Delicately sautéed garlic infuses premium olive oil, coating strands of perfectly al dente spaghetti, while a gentle kick of chili flakes warms the palate.",https://zencafe.co.bw/menu/pasta/aglio-e-olio-01.jpg
food_menu,PASTA,Frutti di Mare,P220,"Prawns, calamari and mussels pan fried in oil, garlic and flamed in white wine, finished with a Napolitano sauce.",https://zencafe.co.bw/menu/pasta/frutti-di-mare-01.jpg
food_menu,PASTA,Alaconta Fillet Mignon,P240,"250 grams of tender beef fillet mignon prepared in oil, garlic, chilli, bay leaves and flamed with sherry & brandy to combine the flavor, rounded off with creamy Napolitano sauce.",https://zencafe.co.bw/menu/pasta/alaconta-fillet-mignon-01.jpg
food_menu,PASTA,Chicken Liver Pasta,P250,"Tenderly pan fried chicken livers with mixed peppers, white onion, mushroom, garlic, chilli, paprika in a creamy white sauce.",https://zencafe.co.bw/menu/pasta/chicken-liver-pasta-01.jpg
food_menu,PASTA,Fra Diavolo,P145,"A bold, fiery pasta tossed in a spicy tomato-garlic sauce infused with chili heat and fresh herbs.",https://zencafe.co.bw/menu/pasta/fra-diavolo-01.jpg
food_menu,PASTA,Fettuccine Alfredo,P145,"Silky fettuccine ribbons tossed in a delicious, rich cream sauce. Smooth, indulgent, and utterly irresistible.",https://zencafe.co.bw/menu/pasta/fettuccine-alfredo-01.jpg
food_menu,PASTA,Sicilian Pasta,P145,"Tossed in a rich tomato sauce with garlic, olives, capers, and a hint of chili, finished with fresh herbs and a drizzle of olive oil.",https://zencafe.co.bw/menu/pasta/sicilian-pasta-01.jpg
food_menu,PASTA,Spaghetti Bolognese Casserole,P160,"Baked in the oven to perfection — a rich, slow-simmered meat sauce with tender minced beef, ripe tomatoes, garlic, onions, and Italian herbs. Topped with a generous portion of mozzarella.",https://zencafe.co.bw/menu/pasta/spaghetti-bolognese-casserole-01.jpg
food_menu,PASTA,Turf Pasta,P170,"A rich, indulgent pasta dish loaded with tender, flame-grilled beef strips tossed in a creamy garlic parmesan sauce. Finished with fresh herbs and a touch of black pepper.",https://zencafe.co.bw/menu/pasta/turf-pasta-01.jpg
food_menu,MEXICAN MENU,Wrap,FROM P120,"A soft tortilla filled with your choice of protein, fresh vegetables, and a flavorful house sauce.",https://zencafe.co.bw/menu/mexican/wrap-01.jpg
food_menu,MEXICAN MENU,Zen Burrito (Huge),FROM P185,"Slow cooked, shredded and seasoned with traditional Mexican spices, served in a soft burrito with fresh vegetables and flavor-full dressings.",https://zencafe.co.bw/menu/mexican/zen-burrito-huge-01.jpg
food_menu,MEXICAN MENU,Zen Nachos,P180,"Crispy tortilla chips topped with melted cheese, sour cream, jalapeños, chicken or spicy meat.",https://zencafe.co.bw/menu/mexican/zen-nachos-01.jpg
food_menu,MEXICAN MENU,Mexican Pizza,P185,"Handcrafted pizza base topped with pizza sauce, mozzarella cheese, mince, mixed peppers, onion and chilli. Order Mild, Medium or Hot.",https://zencafe.co.bw/menu/mexican/mexican-pizza-01.jpg
food_menu,GIGANTIC TACOS,Loaded Fries,P170,"Crispy fries layered with melted cheese, seasoned toppings, and finished with our signature sauce.",https://zencafe.co.bw/menu/tacos/loaded-fries-01.jpg
food_menu,GIGANTIC TACOS,Beef Taco,P185,"Hand-seasoned premium mince in a warm artisan tortilla, layered with crisp lettuce, ripe tomatoes, fresh onion, melted cheese, and house-crafted salsa.",https://zencafe.co.bw/menu/tacos/beef-taco-01.jpg
food_menu,GIGANTIC TACOS,Chicken Taco,P185,"Tender marinated grilled chicken in a warm artisan tortilla with crisp lettuce, fresh tomato, onion, melted cheese, and signature salsa.",https://zencafe.co.bw/menu/tacos/chicken-taco-01.jpg
food_menu,GIGANTIC TACOS,Prawn Taco,P210,"Tender marinated grilled prawn in a warm artisan tortilla with crisp lettuce, fresh tomato, onion, melted cheese, and signature salsa.",https://zencafe.co.bw/menu/tacos/prawn-taco-01.jpg
food_menu,GIGANTIC TACOS,Seswaa Taco,P210,"Tender, slow-cooked shredded beef in authentic Botswana seswaa style, served in a warm tortilla with fresh salsa, tomatoes, lettuce & onions.",https://zencafe.co.bw/menu/tacos/seswaa-taco-01.jpg
food_menu,GIGANTIC TACOS,Surf & Turf Taco — Filet Mignon,P250,"Filet mignon paired with succulent garlic-butter shrimp, tucked into warm soft tortillas. Topped with fresh pico de gallo, crisp shredded lettuce, tomatoes & onions.",https://zencafe.co.bw/menu/tacos/surf-and-turf-taco-filet-mignon-01.jpg
food_menu,BURGERS,Classic Burger,P120,"Zen made brioche bun, crispy iceberg lettuce, tomatoes, caramelized onions, cocktail mayo with a succulent beef or chicken patty.",https://zencafe.co.bw/menu/burgers/classic-burger-01.jpg
food_menu,BURGERS,Dagwood Burger,P180,"Zen made brioche bun, butter, iceberg lettuce, tomato, caramelized onions, beef/chicken patty, fried egg, melted cheese, cocktail mayo, generous streaky bacon. With a side of choice.",https://zencafe.co.bw/menu/burgers/dagwood-burger-01.jpg
food_menu,BURGERS,Smash Burger,FROM P120,"A bold smash style burger with a juicy crispy-edge patty, layered with melted cheese, lettuce, tomatoes, onions and signature sauce for maximum flavor.",https://zencafe.co.bw/menu/burgers/smash-burger-01.jpg
food_menu,BURGERS,Woven Beef Burger,P225,"Zen made brioche bun, juicy woven beef burger wrapped in crispy bacon, grilled to perfection and layered with fresh lettuce, tomatoes and melted cheese.",https://zencafe.co.bw/menu/burgers/woven-beef-burger-01.jpg
food_menu,BURGERS,Prawn Burger,P210,"Zen made brioche bun, juicy tender prawns lightly seasoned and grilled, nestled in a soft toasted bun with crisp lettuce, ripe tomatoes, zesty torta sauce & coleslaw.",https://zencafe.co.bw/menu/burgers/prawn-burger-01.jpg
food_menu,BURGERS,Zen Mega Burger,P280,"Zen made giant brioche bun, huge beef patty/crumbled chicken breasts, lettuce, tomatoes, melted cheese & cocktail mayo. Served with a side of your choice.",https://zencafe.co.bw/menu/burgers/zen-mega-burger-01.jpg
food_menu,BURGERS,Vegan Burger,P165,"Juicy plant-based patty on a toasted Zen made brioche bun with crisp iceberg lettuce, sweet caramelized onions, tangy gherkins, and a splash of zesty cocktail mayo.",https://zencafe.co.bw/menu/burgers/vegan-burger-01.jpg
food_menu,CHICKEN,Chicken Cutlet Parmesan,P180,"Crispy breaded chicken cutlet finished with parmesan, served with a side of your choice.",https://zencafe.co.bw/menu/chicken/chicken-cutlet-parmesan-01.jpg
food_menu,CHICKEN,Sticky Chicken Wings (500g),P160,"Tender chicken wings flame-grilled and basted in your choice of smoky BBQ, bold Prego, or fiery Peri-Peri sauce. Served with a side of your choice.",https://zencafe.co.bw/menu/chicken/sticky-chicken-wings-500g-01.jpg
food_menu,CHICKEN,Crispy Chicken Tender Dinner,P165,"Crispy, golden chicken strips served hot and crunchy, paired with a satisfying side.",https://zencafe.co.bw/menu/chicken/crispy-chicken-tender-dinner-01.jpg
food_menu,CHICKEN,Flame-Grilled Half Chicken,P175,"Succulent half chicken flame-grilled in signature house basting. Choose BBQ, spicy Prego, or fiery Peri-Peri sauce. Served with a side of your choice.",https://zencafe.co.bw/menu/chicken/flame-grilled-half-chicken-01.jpg
food_menu,CHICKEN,Chicken Kebab Dinner,P210,"Juicy, flame grilled chicken kebabs served hot and tender with bold, savory seasoning. Paired with your choice of side.",https://zencafe.co.bw/menu/chicken/chicken-kebab-dinner-01.jpg
food_menu,CHICKEN,Chicken Saltimbocca,P230,"Stuffed chicken with mozzarella, bone marrow, spinach, and toum, wrapped in bacon and oven-roasted. With a side of your choice.",https://zencafe.co.bw/menu/chicken/chicken-saltimbocca-01.jpg
food_menu,MEATS & GRILLS,Rump Steak,P190,"Juicy rump steak paired with a citrus and herb butter disc, a side of choice & New York steak sauce.",https://zencafe.co.bw/menu/meats/rump-steak-01.jpg
food_menu,MEATS & GRILLS,Seared Fillet Mignon Tower (250g),P260,"Fillet tenderly sliced and stacked on baby roasted potatoes, marinated tomatoes and rocket & New York steak sauce. With a side of your choice.",https://zencafe.co.bw/menu/meats/seared-fillet-mignon-tower-250g-01.jpg
food_menu,MEATS & GRILLS,Fillet Mignon ala Peppercorn Sauce,FROM P260,"Tender fillet mignon sliced, marinated & covered with peppercorn sauce or ramekin for dipping. With a side of your choice.",https://zencafe.co.bw/menu/meats/fillet-mignon-ala-peppercorn-sauce-01.jpg
food_menu,MEATS & GRILLS,New York T-Bone,FROM P290,"Steak paired with citrus and herb butter disc, micro-greens, served with New York steak sauce.",https://zencafe.co.bw/menu/meats/new-york-t-bone-01.jpg
food_menu,MEATS & GRILLS,Tomahawk Steak,FROM P320,"Grilled to perfection, served with fresh tomatoes and onion (available upon request). Sauce: New York Sauce.",
food_menu,MEATS & GRILLS,Pork Ribs (500g),P250,"Fork-tender sticky pork ribs with a small kick in a BBQ sauce, with a side of choice.",
food_menu,MEATS & GRILLS,Pork Tomahawk Chop,P250,"A thick, bone-in pork tomahawk chop with rich flavor and a juicy texture, served with your choice of side.",
food_menu,MEATS & GRILLS,Lamb Chops (4 chops),P265,Perfectly seasoned lamb chops served with mint dressing & side of choice.,https://zencafe.co.bw/menu/meats/lamb-chops-4-chops-01.jpg
food_menu,MEATS & GRILLS,Lamb Shank,P270,"Slow-cooked lamb shank until fork-tender in a rich, deep-flavored red wine and herb sauce. Served on a bed of creamy mashed potatoes with roasted vegetables.",https://zencafe.co.bw/menu/meats/lamb-shank-01.jpg
food_menu,MEATS & GRILLS,Steak Sauces,P35,Bone Marrow Butter · Peppercorn · Lemon & Butter · Mushroom · New York Steak · Peri-Peri · Sweet Chilli · Zesty Mayo,https://zencafe.co.bw/menu/meats/steak-sauces-01.jpg
food_menu,SEAFOOD,Brim,P160,"Two whole brim deep fried or grilled, with a side of your choice.",https://zencafe.co.bw/menu/seafood/brim-01.jpg
food_menu,SEAFOOD,Brim Fillet,P180,"2 breaded deep fried or grilled fillets in lemon butter sauce, with a side of your choice.",https://zencafe.co.bw/menu/seafood/brim-fillet-01.jpg
food_menu,SEAFOOD,Mediterranean Kingklip,P240,"Tender kingklip grilled in olive oil and Mediterranean herbs, served with fresh lemon, olives, tomatoes on a bed of mashed potatoes.",https://zencafe.co.bw/menu/seafood/mediterranean-kingklip-01.jpg
food_menu,SEAFOOD,Grilled Calamari,P280,"Slightly charred and spiced calamari, grilled, pan seared and deep fried panko breadcrumbs, served with a side of your choice, drizzled with a spicy mayo sauce.",https://zencafe.co.bw/menu/seafood/grilled-calamari-01.jpg
food_menu,SEAFOOD,Grilled Prawns,P290,"Large prawns slightly charred and spiced or broiled in garlic butter, served with a side and dipping sauce of your choice.",https://zencafe.co.bw/menu/seafood/grilled-prawns-01.jpg
food_menu,SEAFOOD,Salmon Skewers,P295,"Juicy boiled/pan fried Norwegian salmon, plated with your choice of sides & sauce, dressed in a zesty lemon glaze on a bed of savory rice.",https://zencafe.co.bw/menu/seafood/salmon-skewers-01.jpg
food_menu,SEAFOOD,Seared Salmon,P295,"Norwegian salmon, grilled, pan seared or broiled in garlic butter to perfection over fresh leafy veg and a side & sauce of your choice.",https://zencafe.co.bw/menu/seafood/seared-salmon-01.jpg
food_menu,RISOTTO,Mushroom Risotto,P140,Arborio rice cooked in creamy mushroom and garlic sauce with an aromatic flavor from the star anise.,https://zencafe.co.bw/menu/risotto/mushroom-risotto-01.jpg
food_menu,RISOTTO,Chicken Risotto,P160,"Creamy arborio rice slowly cooked with tender chicken, herbs, and parmesan for a rich, comforting Italian classic.",https://zencafe.co.bw/menu/risotto/chicken-risotto-01.jpg
food_menu,RISOTTO,Beef Risotto,P160,"Creamy arborio rice simmered in a rich, savory beef broth, infused with roasted garlic and sweet caramelized onions. Finished with a generous sprinkle of parmesan.",https://zencafe.co.bw/menu/risotto/beef-risotto-01.jpg
food_menu,RISOTTO,Prawn Risotto,P180,"Velvety arborio rice slow-cooked with tender prawns, a splash of white wine, and a hint of lemon for brightness. Finished with a touch of butter.",https://zencafe.co.bw/menu/risotto/prawn-risotto-01.jpg
food_menu,RISOTTO,Jollof Rice,P190,"A West African rice dish with earthy flavors from bay leaves, garlic, rosemary and curry.",https://zencafe.co.bw/menu/risotto/jollof-rice-01.jpg
food_menu,RISOTTO,Fillet Mignon Risotto (250g),P240,"Creamy arborio rice simmered in a rich savory beef broth, the fillet is sliced and infused with aromatic herbs and finished with parmesan.",https://zencafe.co.bw/menu/risotto/fillet-mignon-risotto-250g-01.jpg
food_menu,DESSERT,Cakes Made Daily,P79,"Baked fresh in-house daily, with your choice of fresh fruit toppings: strawberry or blueberry.",https://zencafe.co.bw/menu/desserts/cakes-made-daily-01.jpg
food_menu,DESSERT,Bananas Foster,P170,"Caramelized bananas in a rich butter and brown sugar sauce, delicately flambéed with rum and served warm.",https://zencafe.co.bw/menu/desserts/bananas-foster-01.jpg
food_menu,DESSERT,Waffles with Hot Honey,P85,Served with a scoop of vanilla ice cream.,https://zencafe.co.bw/menu/desserts/waffles-with-hot-honey-01.jpg
food_menu,DESSERT,Toppings,P20,Mixed fruits · chocolate sauce · caramel sauce with cream.,https://zencafe.co.bw/menu/desserts/toppings-01.jpg
food_menu,DESSERT,Shakes,FROM P70,"Vanilla, strawberry or chocolate.",https://zencafe.co.bw/menu/desserts/shakes-01.jpg
food_menu,DESSERT,Ice Cream,FROM P25,,https://zencafe.co.bw/menu/desserts/ice-cream-01.jpg
food_menu,DESSERT,The Kitchen Sink (5 Litre Ice Cream),P600,"One-of-a-kind masterpiece. Five full liters of rich, creamy ice cream loaded with chunks of cookies, layers of cake, and a colorful explosion of candy in every scoop. Perfect for birthdays and celebrations.",https://zencafe.co.bw/menu/desserts/the-kitchen-sink-5-litre-ice-cream-01.jpg
food_menu,PARTY PLATTERS,The Crunch Chicken Platter (For 4),P650,"Perfectly seasoned chicken, wings and cutlet coated in an extra crispy crunch and fried to perfection. Served with signature dipping sauce with 500g of fries.",https://zencafe.co.bw/menu/platters/the-crunch-chicken-platter-for-4-01.jpg
food_menu,PARTY PLATTERS,The Crunch Chicken Platter (For 8),P1 150,"Perfectly seasoned chicken, wings and cutlet coated in an extra crispy crunch and fried to perfection. Served with signature dipping sauce with 1000g of fries.",https://zencafe.co.bw/menu/platters/the-crunch-chicken-platter-for-8-01.jpg
food_menu,PARTY PLATTERS,Carnivore's Dream Platter — Small (For 4),P800,"500g pan-fried chicken livers, 500g sticky BBQ chicken wings, 500g pork rib tenderloin, 200g smoky wors, five cheesy deep-fried poppers and 500g of fries.",https://zencafe.co.bw/menu/platters/carnivore-s-dream-platter-small-for-4-01.jpg
food_menu,PARTY PLATTERS,Carnivore's Dream Platter — Large (For 4),P1 150,"800g pan-fried chicken livers, 800g sticky BBQ chicken wings, 500g pork rib tenderloin, 400g smoky wors, six cheesy deep-fried poppers and 800g of fries.",https://zencafe.co.bw/menu/platters/carnivore-s-dream-platter-large-for-4-01.jpg
food_menu,PARTY PLATTERS,Platter for Two,P600,"4 chicken wings, 2 chicken kebabs, 2 beef kebabs, 100g flame-grilled wors, mini rump strips, and a generous portion of crispy golden fries with sauce.",
food_menu,PARTY PLATTERS,Platter for Four,P1 150,"8 chicken wings, 4 chicken kebabs, 4 beef kebabs, 200g flame-grilled wors, mini rump strips, and a generous portion of crispy golden fries with sauce.",
food_menu,PARTY PLATTERS,Platter for Six,P1 700,"12 chicken wings, 6 chicken kebabs, 6 beef kebabs, 600g flame-grilled wors, mini rump strips, and a generous portion of crispy golden fries with sauce.",
food_menu,PARTY PLATTERS,Traditional Seswaa Platter (For 4),P600,"1kg of slow-pounded beef, seasoned with African spices, sautéed in bone marrow, served with pap and roasted vegetables and the side of your choice.",
food_menu,PARTY PLATTERS,Oxtail Royale (For 4),P650,"Slow-braised oxtail, tender and rich, cooked in a deep red wine sauce. Served with roasted vegetables and a side of your choice.",https://zencafe.co.bw/menu/platters/oxtail-royale-for-4-01.jpg
food_menu,PARTY PLATTERS,Ocean Treasure Platter — Small (For 4),P890,"4 giant grilled prawns, 400g grilled breaded calamari, 400g char grilled salmon kebabs, 8 breaded fish finger kebabs and 200g mussels in a red or white sauce and 500g of fries.",https://zencafe.co.bw/menu/platters/ocean-treasure-platter-small-for-4-01.jpg
food_menu,PARTY PLATTERS,Ocean Treasure Platter — Large (For 4),P1 850,"8 giant grilled prawns, 800g grilled breaded calamari, 800g char grilled salmon kebabs, 10 breaded fish finger kebabs and 400g mussels in a red or white sauce and 800g of fries.",https://zencafe.co.bw/menu/platters/ocean-treasure-platter-large-for-4-01.jpg
food_menu,SIDES,Mash Potatoes,P45,,https://zencafe.co.bw/menu/sides/mash-potatoes-01.jpg
food_menu,SIDES,Roasted Vegies,P45,,https://zencafe.co.bw/menu/sides/roasted-vegies-01.jpg
food_menu,SIDES,Savory Rice,P45,,https://zencafe.co.bw/menu/sides/savory-rice-01.jpg
food_menu,SIDES,Mash Butternut,P45,,https://zencafe.co.bw/menu/sides/mash-butternut-01.jpg
food_menu,SIDES,Cream Spinach,P45,,https://zencafe.co.bw/menu/sides/cream-spinach-01.jpg
food_menu,SIDES,French Fries,P45,,https://zencafe.co.bw/menu/sides/french-fries-01.jpg
bar_menu,COCKTAILS,Hulk,P65,"Vodka, cream soda.",https://zencafe.co.bw/bar-menu/cocktails/hulk-01.jpg
bar_menu,COCKTAILS,Cosmopolitan,P65,"Vodka, Triple sec, lemon juice, cranberry juice.",https://zencafe.co.bw/bar-menu/cocktails/cosmopolitan-01.jpg
bar_menu,COCKTAILS,Mojito,P75,"Vodka, light rum, coconut rum, dark rum, Red Bull, cranberry, lemonade.",https://zencafe.co.bw/bar-menu/cocktails/mojito-01.jpg
bar_menu,COCKTAILS,Shaken / Frozen Margarita,P75,"Tequila silver, sour mix, salt rim & lemon wheel.",https://zencafe.co.bw/bar-menu/cocktails/shaken-frozen-margarita-01.jpg
bar_menu,COCKTAILS,Pina Colada,P75,"Havana rum, Malibu, coconut milk, sour extract, pineapple wedges.",https://zencafe.co.bw/bar-menu/cocktails/pina-colada-01.jpg
bar_menu,COCKTAILS,Strawberry Diaquri,P75,"Havana rum, Triple Sec, sour extract, strawberry, mango extract.",https://zencafe.co.bw/bar-menu/cocktails/strawberry-diaquri-01.jpg
bar_menu,COCKTAILS,Crembule Martini,P75,"Sour extract, Havana rum, Malibu, Bols litchi, peach ice tea.",https://zencafe.co.bw/bar-menu/cocktails/crembule-martini-01.jpg
bar_menu,COCKTAILS,Cassie XO,P75,"Watermelon Red Bull, vodka, sparkling wine.",https://zencafe.co.bw/bar-menu/cocktails/cassie-xo-01.jpg
bar_menu,COCKTAILS,Whiskey Sours,P75,"Jack Daniels, sour extract, egg white.",https://zencafe.co.bw/bar-menu/cocktails/whiskey-sours-01.jpg
bar_menu,COCKTAILS,Chocolate Taco Martini,P75,"Vanilla vodka, Kahlua, Amarula, coconut cream, chocolate syrup. Martini glass, garnished with choc sprinkles.",https://zencafe.co.bw/bar-menu/cocktails/chocolate-taco-martini-01.jpg
bar_menu,COCKTAILS,Zen Sunrise,P75,"Orange juice, grenadine, vodka, blue curaçao.",https://zencafe.co.bw/bar-menu/cocktails/zen-sunrise-01.jpg
bar_menu,COCKTAILS,Citrus Blush,P75,"Pink tonic, passion fruit, gin.",https://zencafe.co.bw/bar-menu/cocktails/citrus-blush-01.jpg
bar_menu,COCKTAILS,Rose Garden,P75,"Dry lemon, grenadine, gin.",https://zencafe.co.bw/bar-menu/cocktails/rose-garden-01.jpg
bar_menu,COCKTAILS,Gin Rickey,P75,"Tanqueray, sour extract, mint leaf tips, soda water.",https://zencafe.co.bw/bar-menu/cocktails/gin-rickey-01.jpg
bar_menu,COCKTAILS,Grapefruit & Gin Tonic,P75,"Tanqueray, grapefruit extract, grapefruit, tonic water.",https://zencafe.co.bw/bar-menu/cocktails/grapefruit-and-gin-tonic-01.jpg
bar_menu,COCKTAILS,Blueberry Margarita,P85,"Tequila silver, Triple sec, simple extract, lemon juice, blueberry extract. Blueberry & sugar rim.",https://zencafe.co.bw/bar-menu/cocktails/blueberry-margarita-01.jpg
bar_menu,COCKTAILS,Passionate Pornstar Martini,P85,"Vodka, Pornstar liquor, sour extract, passion fruit extract, caramel, caramel rim.",https://zencafe.co.bw/bar-menu/cocktails/passionate-pornstar-martini-01.jpg
bar_menu,COCKTAILS,Mango Bubble Smash,P85,"Vodka, mango extract, sparkling wine.",https://zencafe.co.bw/bar-menu/cocktails/mango-bubble-smash-01.jpg
bar_menu,COCKTAILS,The Peach Princess,P95,"Vodka, peach schnapps, sour extract, peach halves.",https://zencafe.co.bw/bar-menu/cocktails/the-peach-princess-01.jpg
bar_menu,COCKTAILS,Princess Treatment,P95,"Vodka, Malibu, strawberry extract, sparkling wine. Shake & strain — flute glass, garnish cherry/strawberry.",https://zencafe.co.bw/bar-menu/cocktails/princess-treatment-01.jpg
bar_menu,COCKTAILS,Orange Creamsicle Mimosa,P95,"Vodka, Triple Sec, Cointreau orange shot, 100ml sparkling wine. Shake & strain, flute glass, garnish orange slice.",https://zencafe.co.bw/bar-menu/cocktails/orange-creamsicle-mimosa-01.jpg
bar_menu,COCKTAILS,Cranberry Coolies,P105,"Vodka, Malibu, cranberry juice, lemonade.",https://zencafe.co.bw/bar-menu/cocktails/cranberry-coolies-01.jpg
bar_menu,COCKTAILS,Long Island,P120,"Sour extract, vodka, gin, tequila, Montego rum, Havana rum, Triple sec, Coke.",https://zencafe.co.bw/bar-menu/cocktails/long-island-01.jpg
bar_menu,COCKTAILS,Melodic Jar,P135,"Vodka, light rum, coconut rum, dark rum + Red Bull, lemonade, cranberry.",https://zencafe.co.bw/bar-menu/cocktails/melodic-jar-01.jpg
bar_menu,COCKTAILS,Turn Chaos Into Order,P150,"Vodka, Havana rum, tequila silver, dark rum, apricot extract, peach schnapps, sour extract, apricot halves, ginger ale.",https://zencafe.co.bw/bar-menu/cocktails/turn-chaos-into-order-01.jpg
bar_menu,COCKTAILS,Zen Islands,P150,"Chateau, sour extract, blue curaçao, tequila silver, white plum, Tanqueray gin, Buttler's cherry, vodka.",https://zencafe.co.bw/bar-menu/cocktails/zen-islands-01.jpg
bar_menu,COCKTAILS,Brazilian Sangria,P169 · 2L JAR,"A vibrant tropical twist on the classic sangria — bursting with fresh citrus, mixed berries, and a splash of vodka for a smooth Brazilian kick. Served chilled with red wine and a hint of sparkling sweetness. It's fruity, refreshing, and irresistibly bold. In a 2L jar.",https://zencafe.co.bw/bar-menu/cocktails/brazilian-sangria-01.jpg
bar_menu,MOCKTAILS,Virgin Diaquiri,P45,"Sour extract, strawberry extract, blended.",https://zencafe.co.bw/bar-menu/mocktails/virgin-diaquiri-01.jpg
bar_menu,MOCKTAILS,Virgin Pina Colada,P45,"Pina Colada extract, sour extract, coconut cream, pineapple.",https://zencafe.co.bw/bar-menu/mocktails/virgin-pina-colada-01.jpg
bar_menu,MOCKTAILS,Virgin Mojito,P45,"Lemon wedges, mint leaves, sour extract, lemonade, soda. Classic, strawberry or fruity.",https://zencafe.co.bw/bar-menu/mocktails/virgin-mojito-01.jpg
bar_menu,MOCKTAILS,Steel Works,P45,"Kola tonic, ginger ale, lemonade/soda water, bitters.",https://zencafe.co.bw/bar-menu/mocktails/steel-works-01.jpg
bar_menu,MOCKTAILS,Rock Shandy,P45,"Lemonade/soda water, bitters.",https://zencafe.co.bw/bar-menu/mocktails/rock-shandy-01.jpg
bar_menu,MOCKTAILS,Malawian Shandy,P45,"Ginger ale, lemonade, bitters.",https://zencafe.co.bw/bar-menu/mocktails/malawian-shandy-01.jpg
bar_menu,MOCKTAILS,Passionate Virgin,P55,"Sour extract, passion fruit extract, caramel extract, passion fruit pulps, caramel rim (garnish).",https://zencafe.co.bw/bar-menu/mocktails/passionate-virgin-01.jpg
bar_menu,MOCKTAILS,Refreshment Artisan,P65,"Lemon wedges, mixed berries, sour extract, strawberry extract, lemonade, crushed ice. Jam jar, mint/berries garnish.",https://zencafe.co.bw/bar-menu/mocktails/refreshment-artisan-01.png
bar_menu,SHOOTERS,Lick Me All Over,P40,"Half shot tequila, half shot Triple Sec, honey squeeze, one ounce orange juice. Served in a shooter glass, rimmed with honey & salt.",https://zencafe.co.bw/bar-menu/shooters/lick-me-all-over-01.jpg
bar_menu,SHOOTERS,Chocolate Cake,P40,"Shot vodka, shot Frangelico, orange slice & brown sugar.",https://zencafe.co.bw/bar-menu/shooters/chocolate-cake-01.jpg
bar_menu,SHOOTERS,Blow Job,P40,"Kahlua, Amarula, cream.",https://zencafe.co.bw/bar-menu/shooters/blow-job-01.jpg
bar_menu,SHOOTERS,Jelly Baby,P40,"Banana liquor, blue curaçao, Amarula cream.",https://zencafe.co.bw/bar-menu/shooters/jelly-baby-01.jpg
bar_menu,SHOOTERS,The Darker The Berry The Sweeter,P50,"Half shot vodka, half shot Malibu, chocolate extract squeeze, berries extract squeeze. Served in a shooter glass rimmed with berry extract.",https://zencafe.co.bw/bar-menu/shooters/the-darker-the-berry-the-sweeter-01.jpg
bar_menu,SHOOTERS,Hand Grenade,P70,"Jagermeister shot, tequila, twinned in a whisky glass.",https://zencafe.co.bw/bar-menu/shooters/hand-grenade-01.jpg
bar_menu,SHOOTERS,Atomic Bomb,P105,"Jagermeister shot, tequila shot, vodka shot, Red Bull.",https://zencafe.co.bw/bar-menu/shooters/atomic-bomb-01.jpg
bar_menu,SHOOTERS,Shut Da F**kup,P140,"Shot tequila, shot vodka, shot Jagermeister, shot Tanqueray, Red Bull.",https://zencafe.co.bw/bar-menu/shooters/shut-da-f-kup-01.jpg
bar_menu,CHAMPAGNE,Moet Chandon,P1 400,,https://zencafe.co.bw/bar-menu/champagne/moet-chandon-01.jpg
bar_menu,CHAMPAGNE,Laurent-Perrier Demi Sec,P1 500,,https://zencafe.co.bw/bar-menu/champagne/laurent-perrier-demi-sec-01.jpg
bar_menu,CHAMPAGNE,Vueve Clicquot Yellow Label,P1 700,,https://zencafe.co.bw/bar-menu/champagne/vueve-clicquot-yellow-label-01.jpg
bar_menu,CHAMPAGNE,Moet Nectar,P1 800,,https://zencafe.co.bw/bar-menu/champagne/moet-nectar-01.jpg
bar_menu,CHAMPAGNE,Moet Ice,P2 400,,https://zencafe.co.bw/bar-menu/champagne/moet-ice-01.jpg
bar_menu,CHAMPAGNE,Veuve Rich,P2 400,,https://zencafe.co.bw/bar-menu/champagne/veuve-rich-01.jpg
bar_menu,CHAMPAGNE,Dom Perignon,P7 000,,https://zencafe.co.bw/bar-menu/champagne/dom-perignon-01.jpg
bar_menu,CHAMPAGNE,Ace of Spades,P10 400,,https://zencafe.co.bw/bar-menu/champagne/ace-of-spades-01.jpg
bar_menu,SPARKLING WINE · PROSECCO / MCC,Simonsig Satin Nectar Rose,P350,,https://zencafe.co.bw/bar-menu/sparkling-wine/simonsig-satin-nectar-rose-01.jpg
bar_menu,SPARKLING WINE · PROSECCO / MCC,Simonsig Satin Nectar,P450,,https://zencafe.co.bw/bar-menu/sparkling-wine/simonsig-satin-nectar-01.jpg
bar_menu,SPARKLING WINE · PROSECCO / MCC,Daluca Prosecco,P450,,https://zencafe.co.bw/bar-menu/sparkling-wine/daluca-prosecco-01.jpg
bar_menu,SPARKLING WINE · PROSECCO / MCC,Krone Brut,P450,,https://zencafe.co.bw/bar-menu/sparkling-wine/krone-brut-01.jpg
bar_menu,SPARKLING WINE · PROSECCO / MCC,Graham Beck Brut,P550,,
bar_menu,SPARKLING WINE · PROSECCO / MCC,Graham Beck Rose,P550,,https://zencafe.co.bw/bar-menu/sparkling-wine/graham-beck-rose-01.webp
bar_menu,SPARKLING WINE · PROSECCO / MCC,Krone Night Nector,P550,,https://zencafe.co.bw/bar-menu/sparkling-wine/krone-night-nector-01.jpg
bar_menu,SPARKLING WINE · PROSECCO / MCC,Bottega Star Dust,P850,,https://zencafe.co.bw/bar-menu/sparkling-wine/bottega-star-dust-01.jpg
bar_menu,COGNAC,Hennessy VSOP,P2 500 · P95 GLASS,,https://zencafe.co.bw/bar-menu/cognac/hennessy-vsop-01.jpg
bar_menu,COGNAC,D'Usse Cognac,P2 500 · P95 GLASS,,https://zencafe.co.bw/bar-menu/cognac/d-usse-cognac-01.jpg
bar_menu,COGNAC,Remy Martin VSOP,P3 300 · P95 GLASS,,https://zencafe.co.bw/bar-menu/cognac/remy-martin-vsop-01.jpg
bar_menu,COGNAC,Hennessy VS,P1 500 · P45 GLASS,,https://zencafe.co.bw/bar-menu/cognac/hennessy-vs-01.jpg
bar_menu,COGNAC,Hennessy XO,P6 800 · P240 GLASS,,https://zencafe.co.bw/bar-menu/cognac/hennessy-xo-01.png
bar_menu,WHISKEYS,Jameson,P1 200 · P45 GLASS,,https://zencafe.co.bw/bar-menu/whiskeys/jameson-01.jpg
bar_menu,WHISKEYS,Johnnie Walker Black,P1 200 · P45 GLASS,,https://zencafe.co.bw/bar-menu/whiskeys/johnnie-walker-black-01.jpg
bar_menu,WHISKEYS,Jameson Black Barrel,P1 600 · P65 GLASS,,https://zencafe.co.bw/bar-menu/whiskeys/jameson-black-barrel-01.jpg
bar_menu,WHISKEYS,Johnnie Walker Gold,P2 800 · P95 GLASS,,https://zencafe.co.bw/bar-menu/whiskeys/johnnie-walker-gold-01.webp
bar_menu,WHISKEYS,Johnnie Walker Blue,P7 000 · P230 GLASS,,https://zencafe.co.bw/bar-menu/whiskeys/johnnie-walker-blue-01.jpg
bar_menu,VODKA,Absolut Vodka,P900 · P40 GLASS,,https://zencafe.co.bw/bar-menu/vodka/absolut-vodka-01.jpg
bar_menu,VODKA,Ciroc,P1 200 · P40 GLASS,,https://zencafe.co.bw/bar-menu/vodka/ciroc-01.jpg
bar_menu,VODKA,Grey Goose,P1 200 · P40 GLASS,,https://zencafe.co.bw/bar-menu/vodka/grey-goose-01.jpg
bar_menu,VODKA,Belvedere,P1 350 · P45 GLASS,,https://zencafe.co.bw/bar-menu/vodka/belvedere-01.jpg
bar_menu,GIN,Whitley Neil,P1 000,Original / Blood Orange / Lemon Grass.,https://zencafe.co.bw/bar-menu/gin/whitley-neil-01.jpg
bar_menu,GIN,Tanqueray,P1 000,,https://zencafe.co.bw/bar-menu/gin/tanqueray-01.jpg
bar_menu,GIN,Bombay Sapphire,P1 200,,https://zencafe.co.bw/bar-menu/gin/bombay-sapphire-01.jpg
bar_menu,GIN,Hendricks,P1 200,,https://zencafe.co.bw/bar-menu/gin/hendricks-01.jpg
bar_menu,GIN,Inverroche,P1 300,Amber / Classic / Verdant.,https://zencafe.co.bw/bar-menu/gin/inverroche-01.jpg
bar_menu,GIN,Tanqueray Export Strength,P1 500,,https://zencafe.co.bw/bar-menu/gin/tanqueray-export-strength-01.jpg
bar_menu,HOUSE WINES,Fabiola Chardonnay,P240 · P80 GLASS,,https://zencafe.co.bw/bar-menu/house-wines/fabiola-chardonnay-01.jpg
bar_menu,HOUSE WINES,Fabiola Merlot,P240 · P80 GLASS,,https://zencafe.co.bw/bar-menu/house-wines/fabiola-merlot-01.jpg
bar_menu,HOUSE WINES,Fabiola Pinotage,P240 · P80 GLASS,,https://zencafe.co.bw/bar-menu/house-wines/fabiola-pinotage-01.jpg
bar_menu,RED WINE BLENDS,Springfield Whole Berry,P450,,https://zencafe.co.bw/bar-menu/red-wines/springfield-whole-berry-01.jpg
bar_menu,RED WINE BLENDS,R&R Classic,P500,,https://zencafe.co.bw/bar-menu/red-wines/r-and-r-classic-01.jpg
bar_menu,RED WINE BLENDS,Seriously Old Dirt,P680,,https://zencafe.co.bw/bar-menu/red-wines/seriously-old-dirt-01.jpg
bar_menu,RED WINE BLENDS,Warwick Professor Pitch,P850,,https://zencafe.co.bw/bar-menu/red-wines/warwick-professor-pitch-01.jpg
bar_menu,RED WINE BLENDS,Gentle Giant,P950,,
bar_menu,RED WINE BLENDS,Hidden Secret,P950,,
bar_menu,RED WINE BLENDS,Meerlust Red Blend,P950,,
bar_menu,RED WINE BLENDS,Meerlust Rubicon,P1 250,,https://zencafe.co.bw/bar-menu/red-wines/meerlust-rubicon-01.jpg
bar_menu,RED WINE BLENDS,Kanonkop Paulsaver,P1 350,,https://zencafe.co.bw/bar-menu/red-wines/kanonkop-paulsaver-01.jpg
bar_menu,RED WINE BLENDS,Lady May,P1 500,,https://zencafe.co.bw/bar-menu/red-wines/lady-may-01.jpg
bar_menu,CABERNET SAUVIGNON,Kaapzicht,P450,,https://zencafe.co.bw/bar-menu/red-wines/kaapzicht-cabernet-sauvignon-01.jpg
bar_menu,CABERNET SAUVIGNON,Fat Bastard Cab Sauv,P450,,https://zencafe.co.bw/bar-menu/red-wines/fat-bastard-cab-sauv-01.jpg
bar_menu,CABERNET SAUVIGNON,Warwick First Lady,P500,,https://zencafe.co.bw/bar-menu/red-wines/warwick-first-lady-cabernet-01.jpg
bar_menu,CABERNET SAUVIGNON,Meerlust Cab Sauv FAT,P950,,https://zencafe.co.bw/bar-menu/red-wines/meerlust-cab-sauv-fat-01.jpg
bar_menu,MERLOT,Kaapzicht,P350,,https://zencafe.co.bw/bar-menu/red-wines/kaapzicht-merlot-01.png
bar_menu,MERLOT,Fat Bastard Merlot,P350,,https://zencafe.co.bw/bar-menu/red-wines/fat-bastard-merlot-01.jpg
bar_menu,MERLOT,Hidden Gems,P700,,https://zencafe.co.bw/bar-menu/red-wines/hidden-gems-01.jpg
bar_menu,MERLOT,Meerlust Merlot,P950,,https://zencafe.co.bw/bar-menu/red-wines/meerlust-merlot-01.jpg
bar_menu,PINOT NOIR,Haute Cabriere,P380,,https://zencafe.co.bw/bar-menu/red-wines/haute-cabriere-pinot-noir-01.jpg
bar_menu,SHIRAZ,Fat Bastard Shiraz,P380,,https://zencafe.co.bw/bar-menu/red-wines/fat-bastard-shiraz-01.jpg
bar_menu,PINOTAGE,Fat Bastard Pinotage,P350,,https://zencafe.co.bw/bar-menu/red-wines/fat-bastard-pinotage-01.jpg
bar_menu,WHITE WINES,La Motte Sauv Blanc,P320,,https://zencafe.co.bw/bar-menu/white-wines/la-motte-sauv-blanc-01.jpg
bar_menu,WHITE WINES,Fat Bastard Sauv Blanc,P380,,https://zencafe.co.bw/bar-menu/white-wines/fat-bastard-sauv-blanc-01.jpg
bar_menu,WHITE WINES,Hidden Valley,P380,,https://zencafe.co.bw/bar-menu/white-wines/hidden-valley-01.jpg
bar_menu,WHITE WINES,Springfield Life From Stone,P450,,https://zencafe.co.bw/bar-menu/white-wines/springfield-life-from-stone-01.jpg
bar_menu,WHITE WINES,Warwick Professor Blanc,P450,,https://zencafe.co.bw/bar-menu/white-wines/warwick-professor-blanc-01.jpg
bar_menu,CHARDONNAY,Warwick First Lady,P350,,https://zencafe.co.bw/bar-menu/white-wines/warwick-first-lady-chardonnay-01.jpg
bar_menu,CHARDONNAY,Fat Bastard Chardonnay,P350,,https://zencafe.co.bw/bar-menu/white-wines/fat-bastard-chardonnay-01.jpg
bar_menu,CHARDONNAY,Haute Cabriere,P350,,https://zencafe.co.bw/bar-menu/white-wines/haute-cabriere-chardonnay-01.jpg
bar_menu,CHARDONNAY,Plaisir Chardonnay,P350,,https://zencafe.co.bw/bar-menu/white-wines/plaisir-chardonnay-01.jpg
bar_menu,CHARDONNAY,R&R Chardonnay,P400,,https://zencafe.co.bw/bar-menu/white-wines/r-and-r-chardonnay-01.jpg
bar_menu,CHARDONNAY,Meerlust Chardonnay,P750,,https://zencafe.co.bw/bar-menu/white-wines/meerlust-chardonnay-01.jpg
bar_menu,CHENIN BLANC,Simonsig Chenin,P350,,https://zencafe.co.bw/bar-menu/white-wines/simonsig-chenin-01.jpg
bar_menu,CHENIN BLANC,Kaapzicht Chenin,P350,,https://zencafe.co.bw/bar-menu/white-wines/kaapzicht-chenin-01.jpg
bar_menu,WHITE BLENDS,Pirre Jourdan Tranquille,P300,,https://zencafe.co.bw/bar-menu/white-wines/pirre-jourdan-tranquille-01.jpg
bar_menu,BEERS,Amstel,P40,,https://zencafe.co.bw/bar-menu/beers/amstel-01.jpg
bar_menu,BEERS,Black Label,P40,,https://zencafe.co.bw/bar-menu/beers/black-label-01.jpg
bar_menu,BEERS,Castle,P40,,https://zencafe.co.bw/bar-menu/beers/castle-01.jpg
bar_menu,BEERS,Castle Lite,P40,,https://zencafe.co.bw/bar-menu/beers/castle-lite-01.jpg
bar_menu,BEERS,St Louis,P40,,https://zencafe.co.bw/bar-menu/beers/st-louis-01.jpg
bar_menu,BEERS,Windhoek Lager,P45,,https://zencafe.co.bw/bar-menu/beers/windhoek-lager-01.jpg
bar_menu,BEERS,Windhoek Draught,P45,,https://zencafe.co.bw/bar-menu/beers/windhoek-draught-01.jpg
bar_menu,BEERS,Corona,P45,,https://zencafe.co.bw/bar-menu/beers/corona-01.jpg
bar_menu,BEERS,Heineken,P45,,https://zencafe.co.bw/bar-menu/beers/heineken-01.jpg
bar_menu,BEERS,Heineken Silver,P45,,https://zencafe.co.bw/bar-menu/beers/heineken-silver-01.jpg
bar_menu,BEERS,Stella,P45,,https://zencafe.co.bw/bar-menu/beers/stella-01.jpg
bar_menu,CIDERS,Brutal Fruit,P40,,https://zencafe.co.bw/bar-menu/ciders/brutal-fruit-01.jpg
bar_menu,CIDERS,Bernini Blush,P40,,https://zencafe.co.bw/bar-menu/ciders/bernini-blush-01.jpg
bar_menu,CIDERS,Bernini Classic,P40,,https://zencafe.co.bw/bar-menu/ciders/bernini-classic-01.jpg
bar_menu,CIDERS,Chateau,P40,,https://zencafe.co.bw/bar-menu/ciders/chateau-01.jpg
bar_menu,CIDERS,Hunters Dry,P40,,https://zencafe.co.bw/bar-menu/ciders/hunters-dry-01.jpg
bar_menu,CIDERS,Hunters' Gold,P40,,https://zencafe.co.bw/bar-menu/ciders/hunters-gold-01.jpg
bar_menu,CIDERS,Savanna Dry,P40,,https://zencafe.co.bw/bar-menu/ciders/savanna-dry-01.jpg
bar_menu,CIDERS,Ice Tropez,P180,,https://zencafe.co.bw/bar-menu/ciders/ice-tropez-01.jpg
bar_menu,SOFT DRINKS & MINERALS,Still Water,P25,,https://zencafe.co.bw/bar-menu/soft-drinks/still-water-01.jpg
bar_menu,SOFT DRINKS & MINERALS,Sparkling Water,P25,,https://zencafe.co.bw/bar-menu/soft-drinks/sparkling-water-01.jpg
bar_menu,SOFT DRINKS & MINERALS,Lime Water,P25,,https://zencafe.co.bw/bar-menu/soft-drinks/lime-water-01.jpg
bar_menu,SOFT DRINKS & MINERALS,Coke,P25,,https://zencafe.co.bw/bar-menu/soft-drinks/coke-01.jpg
bar_menu,SOFT DRINKS & MINERALS,Coke Zero,P25,,
bar_menu,SOFT DRINKS & MINERALS,Fanta Orange,P25,,
bar_menu,SOFT DRINKS & MINERALS,Fanta Pineapple,P25,,
bar_menu,SOFT DRINKS & MINERALS,Cream Soda,P25,,
bar_menu,SOFT DRINKS & MINERALS,Appletizer,P35,,https://zencafe.co.bw/bar-menu/soft-drinks/appletizer-01.jpg
bar_menu,SOFT DRINKS & MINERALS,Grapetizer,P35,,https://zencafe.co.bw/bar-menu/soft-drinks/grapetizer-01.jpg
bar_menu,SOFT DRINKS & MINERALS,Redbull,P45,"Apricot, Strawberry, Watermelon, Juneberry, Sugar Free.",https://zencafe.co.bw/bar-menu/soft-drinks/redbull-01.jpg
bar_menu,MIXERS,Lemonade,P25,,https://zencafe.co.bw/bar-menu/mixers/lemonade-01.jpg
bar_menu,MIXERS,Tonic Water,P25,,https://zencafe.co.bw/bar-menu/mixers/tonic-water-01.jpg
bar_menu,MIXERS,Pink Tonic,P25,,https://zencafe.co.bw/bar-menu/mixers/pink-tonic-01.jpg
bar_menu,MIXERS,Soda Water,P25,,https://zencafe.co.bw/bar-menu/mixers/soda-water-01.jpg
bar_menu,MIXERS,Ginger Ale,P25,,https://zencafe.co.bw/bar-menu/mixers/ginger-ale-01.jpg
bar_menu,MIXERS,Dry Lemon,P25,,https://zencafe.co.bw/bar-menu/mixers/dry-lemon-01.jpg
bar_menu,APERITIFS & DIGESTIVES,Jägermeister,P1 050,,https://zencafe.co.bw/bar-menu/aperitifs-digestives/jagermeister-01.jpg
bar_menu,APERITIFS & DIGESTIVES,Patrón,P1 050,,https://zencafe.co.bw/bar-menu/aperitifs-digestives/patron-01.jpg
bar_menu,APERITIFS & DIGESTIVES,Tequila Reposado,P2 150,,https://zencafe.co.bw/bar-menu/aperitifs-digestives/tequila-reposado-01.jpg
bar_menu,APERITIFS & DIGESTIVES,Tequila Blanco,P2 150,,https://zencafe.co.bw/bar-menu/aperitifs-digestives/tequila-blanco-01.png
bar_menu,APERITIFS & DIGESTIVES,Don Julio,P2 400,,https://zencafe.co.bw/bar-menu/aperitifs-digestives/don-julio-01.jpg
bar_menu,APERITIFS & DIGESTIVES,Clase Azul,P7 000,,https://zencafe.co.bw/bar-menu/aperitifs-digestives/clase-azul-01.jpg
bar_menu,APERITIFS & DIGESTIVES,Don Julio 1942,P9 600,,https://zencafe.co.bw/bar-menu/aperitifs-digestives/don-julio-1942-01.png
bar_menu,SINGLE MALTS,Glenmorangie 10yrs,P1 600 · P65 GLASS,,https://zencafe.co.bw/bar-menu/single-malts/glenmorangie-10yrs-01.jpg
bar_menu,SINGLE MALTS,Glenfiddich 12 Yrs,P1 900 · P75 GLASS,,https://zencafe.co.bw/bar-menu/single-malts/glenfiddich-12-yrs-01.jpg
bar_menu,SINGLE MALTS,Glenfiddich 15 Yrs,P2 200 · P90 GLASS,,https://zencafe.co.bw/bar-menu/single-malts/glenfiddich-15-yrs-01.jpg
bar_menu,SINGLE MALTS,Glenlivet 15yrs,P2 550 · P95 GLASS,,https://zencafe.co.bw/bar-menu/single-malts/glenlivet-15yrs-01.jpg
bar_menu,SINGLE MALTS,The Macallan 15yrs,P4 000 · P95 GLASS,,https://zencafe.co.bw/bar-menu/single-malts/the-macallan-15yrs-01.jpg
bar_menu,SINGLE MALTS,Singleton 15yrs,P4 000 · P100 GLASS,,https://zencafe.co.bw/bar-menu/single-malts/singleton-15yrs-01.jpg
bar_menu,SINGLE MALTS,Glenfiddich 18 Yrs,P4 400 · P130 GLASS,,https://zencafe.co.bw/bar-menu/single-malts/glenfiddich-18-yrs-01.jpg
bar_menu,SINGLE MALTS,Glenfiddich 21 Yrs,P7 000 · P280 GLASS,,https://zencafe.co.bw/bar-menu/single-malts/glenfiddich-21-yrs-01.jpg
bar_menu,LIQUEURS,Amarula,P40,,https://zencafe.co.bw/bar-menu/liqueurs/amarula-01.jpg
bar_menu,LIQUEURS,Frangelico,P40,,https://zencafe.co.bw/bar-menu/liqueurs/frangelico-01.jpg
bar_menu,LIQUEURS,Kahlúa,P40,,https://zencafe.co.bw/bar-menu/liqueurs/kahlua-01.jpg
bar_menu,LIQUEURS,Malibu,P40,,https://zencafe.co.bw/bar-menu/liqueurs/malibu-01.jpg
